code,product_name,brands,nutriscore_grade,nutriscore_score,nova_group,energy-kcal_100g,fat_100g,saturated-fat_100g,carbohydrates_100g,sugars_100g,fiber_100g,proteins_100g,salt_100g,fruits-vegetables-nuts-estimate-from-ingredients_100g
6111035000430,Sidi Ali,سيدي علي,a,0,,0.0,0.0,0.0,0.0,0.0,0.0,0.0,0.0,0.0
6111242100992,Perly,Jaouda,a,0,3.0,97.0,3.0,0.0,9.4,9.4,0.0,8.0,0.0,6.85
6111035000058,Eau minérale naturelle,sidi ali,a,0,1.0,0.0,0.0,,0.0,,,0.0,0.006,0.0
6111035002175,Sidi Ali,Sidi Ali,a,0,1.0,,,,,,,,,0.0
3274080005003,isabelle,Cristaline,a,0,1.0,,,,,,,,0.00275,0.0
6111128000071,Ain Saïss,Danone,a,0,1.0,0.0,0.0,0.0,0.0,0.0,0.0,0.0,0.0,0.0
6111252421568,اكوافينا,AQUAFINA,a,0,,0.0,0.0,0.0,0.0,0.0,0.0,0.0,0.000508,0.0
6111242100985,,Jaouda,a,-2,1.0,101.0,6.0,0.0,4.2,0.0,0.0,7.6,0.0,0.0
6111035000027,6111035000027,Sidi Ali,a,0,,0.0,0.0,0.0,0.0,0.0,,0.0,0.0065,0.0
6111246721278,Cream cheese,Original,a,-1,3.0,257.0,18.0,0.0,3.1,0.0,0.0,10.0,0.0,0.0
6111035502828,Eau minéral naturelle,Ain atlas,a,0,,0.0,0.0,0.0,0.0,0.0,0.0,0.0,0.12,0.0
3329770077003,Skyr nature 0%,Yoplait,a,-2,1.0,57.0,0.5,0.1,3.6,3.6,0.0,9.5,0.14,0.0
3760049798609,Pain de mie grandes tranches Seigle & Graines 500g,"La boulangere, la Boulangère",a,0,4.0,297.0,9.6,1.0,37.0,4.2,7.2,12.0,0.96,0.59
06175700,Tartines craquantes au sarrasin imp,"Ekibio, Le pain des Fleurs",a,0,1.0,388.0,2.8,0.6,75.0,2.6,4.4,13.4,0.68,0.0
6111035003035,Oulmes natural carbonated water,Les eaux minérales d'Oulmès S.A.,a,0,,,,,,,,,,0.0
7311070032611,KRISPROLLS Complets,KRISPROLLS,a,0,4.0,400.0,6.6,0.9,68.0,1.1,8.3,13.0,1.1,5.82
3029330022428,14 Maxi Tranches complet sans sucres ajoutés,Jacquet,a,0,4.0,264.0,5.2,0.4,42.0,2.9,7.5,8.5,1.1,0.0
42104964,Ciel 33cl,Ciel,a,0,,0.0,0.0,0.0,0.0,0.0,,0.0,0.13,0.0
7300400481595,AUTHENTIQUE,"wasa, Barilla Sverige AB",a,0,3.0,336.0,1.5,0.4,62.0,1.0,19.0,9.0,1.0,0.0
6111035001659,Ain Atlas,Aïn Atlas,a,0,,,,,,,,,0.012,0.0
7300400481588,Fibres,"wasa, Barilla Sverige AB",a,0,3.0,333.0,5.0,1.0,47.0,2.0,26.0,12.0,1.2,
3327272107969,Menguy's Peanut 100%,Menguy's,a,-8,1.0,610.0,48.0,5.8,13.0,6.2,7.0,28.0,0.05,100.0
6111128000460,,aïn Saiss,a,0,1.0,,,,,,,,0.002,0.0
6111242100305,jaouda Cremy,jaouda,a,0,4.0,109.0,3.0,0.4,16.9,2.0,,3.6,0.0,0.0
6111128000163,Ain Saiss Eau Minerale Naturelle,Danone,a,0,,0.0,0.0,0.0,0.0,0.0,,0.0,0.0,0.0
6111128000088,ain saiss 50cl,عين سايس,a,0,1.0,0.0,0.0,0.0,0.0,0.0,,0.0,0.0,0.0
6111035001635,Ain Atlas,Ain Atlas,a,0,,0.0,0.0,0.0,0.0,0.0,,0.0,0.12,
3268840001008,CRISTALINE Eau De Source 0.5L,Cristaline,a,0,1.0,0.0,0.0,0.0,0.0,0.0,0.0,0.0,0.00476,0.0
3760091727732,Beurre bio cacahuète,ETHIQUABLE,a,-8,1.0,622.0,50.0,6.8,13.0,5.8,8.3,26.0,0.03,100.0
3229820019307,Flocons d'avoine,"Bjorg, BJORG ET CIE",a,-4,1.0,363.333333333333,7.1,1.3,58.0,1.7,11.0,11.0,0.02,0.0
6111246721940,le blanc nature 900g araai,le berger,a,0,4.0,234.7,23.5,0.0,4.9,0.0,0.0,4.9,0.0,0.0
3229820129488,"Muesli Raisin, Figue, Datte, Abricot","Bjorg, BJORG ET CIE",a,-2,3.0,352.0,5.8,0.9,59.0,14.0,10.0,11.0,0.03,23.0
20724696,Amandes décortiquées,,a,-10,1.0,621.0,53.3,4.3,4.8,4.8,12.1,24.5,0.01,
5010477348678,Special Muesli 30% fruits & noix,"Jordans, The Jordans & Ryvita Company Limited - A Division of ABF Grain Products Limited",a,0,1.0,360.0,7.2,2.0,60.0,17.0,8.8,10.0,0.03,30.0
3229820782560,"Muesli Superfruits Raisins, cassis, cranberry, myrtille","Bjorg, BJORG ET CIE",a,-2,3.0,358.571428571429,6.0,0.857142857142857,60.0,13.0,10.0,12.0,0.04,17.5
6111035001673,Aïn Atlas 50cl,Aïn Atlas,a,0,1.0,0.0,0.0,0.0,0.0,0.0,0.0,0.0,0.024,0.0
6111251420166,Eau,Aïn lfrane,a,0,1.0,0.0,0.0,0.0,0.0,0.0,,0.0,0.001,0.0
6111035003523,,BAHIA,a,0,,,,,,,,,0.0055,0.0
3175680015228,Levure de bière,Gerblé,a,-7,1.0,331.0,4.5,0.8,16.0,0.8,23.0,45.0,0.25,0.0
20005733,Cerneaux de Noix,,a,-8,1.0,712.0,69.1,6.8,3.7,3.0,6.8,15.5,0.02,172.12
6111035003004,Oulmes Eau Gazeuse,Oulmès,a,0,,0.0,0.0,0.0,0.0,0.0,0.0,0.0,0.078375,0.0
5010029000023,Original,Weetabix,a,-3,3.0,362.0,2.0,0.6,69.0,4.2,10.0,12.0,0.28,0.0
8002270014901,S. Pellegrino Water,"San Pellegrino, S. pellegrino",a,0,1.0,0.0,0.0,0.0,0.0,0.0,,0.0,0.0,0.0
7300400481571,wasa,wasa,a,0,3.0,338.0,1.5,0.3,62.0,2.0,20.0,9.0,1.0,
3068320123264,Eau minéral naturelle,La Salvetat,a,0,4.0,0.0,0.0,0.0,0.0,0.0,0.0,0.0,0.00125,0.0
4056489620938,Beurre de cacahuètes,LIDL,a,-6,1.0,680.369662205225,55.1,12.0,12.0,3.9,9.2,30.4,0.03,100.0
3228857002245,Pain de mie seigle Sandwich Harrys sans sucres ajoutés,Harrys,a,-2,4.0,293.0,8.0,0.8,40.0,3.0,8.7,11.0,1.0,3.83
3229820769165,Muesli avoine chocolat bio,"Bjorg, BJORG ET CIE",a,0,4.0,386.0,8.8,3.3,60.0,8.2,10.0,12.0,0.1,0.0
3057640257773,Eau Minérale Naturelle,Volvic,a,0,1.0,0.0,0.0,0.0,0.0,0.0,0.0,0.0,0.003,0.0
3760049790252,Pain de mie grandes tranches Toastiligne complet,la boulangère,a,-1,4.0,226.0,1.9,0.9,39.0,2.8,6.2,10.0,0.98,0.0
3760049798869,Pain de mie Bio grandes tranches complet sans sucres ajoutés 500g,La Boulangère,a,-1,4.0,252.0,5.1,0.5,38.0,1.9,6.9,10.0,0.99,0.0
3168930009078,Flocons d'avoine complète,"PEPSICO FRANCE, Quaker",a,-4,1.0,395.0,8.0,1.5,60.0,1.1,9.0,11.0,0.01,0.0
3760020508012,Tartines craquantes Sarrasin,NATURENVIE,a,0,3.0,362.0,2.3,0.7,72.0,1.0,4.5,11.0,0.57,0.0
6111251753899,Olla,Olla,a,-1,4.0,73.0,3.3,0.4,8.7,2.3,1.4,1.3,0.83,90.44
5411188119098,Natur mit Kokosnuss,"alpro, Danone Belux nv",a,0,4.0,54.0,2.9,1.0,2.3,2.2,0.9,3.9,0.22,14.7
20003166,FLOCONS D'AVOINE,,a,-5,,372.0,7.0,1.3,58.7,0.7,10.0,13.5,0.02,0.0
3175681257542,Cranberry saveur amande,Gerblé,a,0,4.0,48.0,1.5,0.2,7.5,1.8,0.6,0.8,0.02,5.3
6111248360130,Aïn Soltane,سلطان,a,0,,0.0,0.0,0.0,0.0,0.0,,0.0,0.0,0.0
3228857002221,American sandwich Céréales,Harrys,a,0,4.0,278.0,6.5,0.6,42.0,4.0,7.6,9.0,1.0,7.3
5449000206770,Eau de table,Ciel,a,0,,0.0,0.0,0.0,0.0,0.0,0.0,0.0,0.006,0.0
6111003031107,,Lukus,a,-2,3.0,180.0,6.4,1.5,0.6,0.16,,30.1,0.5,0.0
7311070032598,Krisprolls complets sans sucres ajoutés,KRISPROLLS,a,0,4.0,400.0,6.6,0.9,68.0,1.1,8.3,13.0,1.1,6.93
3021769505602,POM'POTES Compotes Gourdes Pomme Nature 1x90g,Pom' Potes,a,-2,4.0,57.0,0.6,0.2,12.0,11.0,1.3,0.5,0.01,99.7
6111271800054,العين,La Source,a,0,,,,,,,,,0.003575,0.0
6111035502941,Eau minérale naturelle gazeuse,Les Eaux Minérales d'Oulmès,a,0,1.0,0.0,0.0,0.0,0.0,0.0,,0.0,0.078,0.0
3229820019192,Pain complet 3 céréales,Bjorg,a,0,3.0,100.0,2.9,0.4,32.0,2.0,11.0,5.0,1.1,0.0
3095757697105,Blanc de Poulet  - 25% de Sel*,Fleury Michon,a,0,4.0,103.0,1.9,0.5,0.5,0.5,0.5,21.0,1.4,
3760049798845,Pain de mie grandes tranches Avoine & Graines 500g,La BOULANGÈRE,a,0,4.0,274.0,9.1,1.0,33.0,2.2,6.0,12.0,0.93,0.0
6111035003509,"Bahia, Eau De Table",Bahia,a,0,1.0,0.0,0.0,0.0,0.0,0.0,,0.0,0.0,0.0
8076809513722,Basilico,"BARILLA, Barilla, Barilla G. e R. Fratelli SpA",a,0,4.0,64.0,2.6,0.3,7.6,5.9,1.9,1.6,0.9,
3182180001996,Biscottes Sans sucres ajoutés Blé complet,Pasquier,a,-1,4.0,384.0,6.2,0.7,62.0,3.4,12.0,14.0,1.1,0.0
3380380047749,Tartines craquantes au sarrasin,"EKIBIO SAS, Le pain des fleurs",a,0,3.0,385.714285714286,2.85714285714286,0.0,75.7142857142857,2.85714285714286,4.28571428571429,12.8571428571429,0.671428571428571,0.0
3083681148619,Carottes rapees citron dnp 320g,Bonduelle,a,-1,4.0,63.0,4.5,0.3,5.5,4.5,3.0,1.0,0.71,
5000157024671,Beanz in a rich tomato sauce,"Heinz, H J Heinz Foods UK Ltd",a,-3,4.0,79.0,0.2,0.1,12.9,5.0,3.7,4.7,0.6,95.0082281952825
3257971309114,Mont Roucous,Mont Roucous,a,0,1.0,0.0,0.0,0.0,0.0,0.0,,0.0,0.00075,0.0
3329757002998,Poudre stevia,Pure Via,a,0,4.0,2.0,0.2,0.2,99.0,0.0,,0.0,0.0,0.0
3229820794648,GALETTES EXTRA-FINES MAΪS,Bjorg,a,-1,3.0,381.0,4.0,0.5,74.0,0.8,6.2,9.2,0.3,0.0
6111162000181,Joly Thon Entier,Joly,a,-4,3.0,175.0,1.1,0.7,0.97,0.97,0.0,33.0,0.5,0.0
3329770073265,Skyr,YOPLAIT SKYR,a,-2,1.0,56.0,0.5,0.1,3.6,3.6,0.0,9.3,0.14,0.0
3760049794373,PAIN MIE SANDWICH BIO* COMPLET Sans sucres ajoutés 500G,bien,a,-1,4.0,252.0,5.1,0.5,38.0,1.9,6.9,10.0,0.99,0.0
3760049799408,Complet & Graines,"La boulangere, la Boulangère",a,-1,4.0,241.0,3.7,0.4,36.0,3.0,7.8,12.0,1.1,0.0
3068320120256,Eau minérale naturelle,Évian,a,0,1.0,0.0,0.0,0.0,0.0,0.0,0.0,0.0,0.00165,0.0
3760324300015,2 Steaks végétaux et gourmands,HappyVore,a,-3,4.0,219.0,16.0,1.9,3.5,0.5,5.9,13.0,0.6,9.25
5411188125808,Mango Ohne Zuckerzusatz,alpro,a,0,4.0,62.0,2.2,0.4,6.0,5.4,1.0,3.7,0.2,19.98
4008713713411,Copos de Avena extra suaves,"Brüggen, H. & J. Brüggen KG",a,-5,1.0,375.0,7.0,1.3,59.0,0.7,10.0,14.0,0.02,0.0
3770016162043,Merguez Végétale,HappyVore,a,-1,4.0,220.0,16.0,1.3,4.8,0.6,6.1,12.0,0.74,16.65
8076800195057,Spaghetti Nº5,Barilla,a,0,1.0,359.0,2.0,0.5,71.0,3.5,3.0,13.0,0.01,
5025125000037,Sourdough Grains & Seeds,Jason's,a,0,3.0,237.0,2.7,0.3,40.2,1.4,4.7,10.7,0.84,0.0
5411188118961,Nature aux Amandes - Végétal soja & amande,"alpro, Danone Belux nv",a,0,4.0,54.0,2.8,0.4,2.3,2.2,1.1,3.9,0.25,11.3
3083681093926,Aubergines cuisinées à la Provençal,Cassegrain,a,0,3.0,83.0,5.2,0.6,6.7,5.6,2.2,1.2,0.76,
3770016162098,Chipos végétales aux herbes de Provence,HappyVore,a,-1,4.0,213.0,16.0,1.3,3.2,0.5,5.8,12.0,0.76,21.15
6111162001218,Filets de maquereau,joly,a,-2,3.0,180.0,8.5,1.5,0.6,0.6,,30.1,0.5,0.0
8480000168832,Crema de cacahuetes 100%,"Hacendado, MERCADONA",a,-8,1.0,606.666666666667,46.6666666666667,6.66666666666667,12.0,5.33333333333333,8.0,30.0,0.0,100.0
3168930003632,Quaker Oats,Quaker,a,-4,,375.0,8.0,1.5,60.0,1.1,9.0,11.0,0.01,0.0
6111035001024,Oulmès eau minerale naturellement gazeuse,ولماس ماء معدني غازي طبيعي,a,0,1.0,,,,,,,,0.0785,0.0
3229820116716,Muesli aux fruits,"Bjorg, BJORG ET CIE",a,-1,3.0,358.333333333333,6.0,2.5,60.0,10.0,10.0,11.0,0.02,19.5
3229820796857,Flocons d'avoine,Bjorg,a,-5,1.0,363.333333333333,8.0,1.0,69.1666666666667,0.0,11.0,10.8333333333333,0.0833333333333333,0.0
7613287514325,Fitness Nature Céréales complètes,"Nestlé, Fitness",a,-1,4.0,368.0,1.5,0.6,74.7,8.3,8.5,9.8,0.56,
3608580157885,Be Nuts ! 100 % Cacahuète,Andros,a,-9,1.0,628.0,48.0,6.3,15.0,6.1,9.6,27.0,0.01,98.03
6111162001201,Delicia double concentre de tomates,Delicia,a,-5,1.0,91.0,0.09,0.0,18.35,0.0,0.0,4.13,0.0,100.0
8076809529433,Whole Wheat Penne Rigate,"Barilla, Barilla G. e R. Fratelli SpA",a,-5,1.0,347.0,2.5,0.5,64.0,3.5,8.0,13.0,0.01,0.0
6111032010135,double zéro Cerise,Danone,a,-1,4.0,48.3,0.2,0.0,8.23,0.0,,3.4,0.0,0.0
3229820794556,"Muesli Proteines Soja, Dattes, Fruits Rouges",Bjorg,a,-5,3.0,365.0,9.4,1.4,43.0,10.0,12.0,21.0,0.02,26.53
3033490004521,Danone le nature 125 g x 4,Danone,a,0,1.0,46.0,1.0,0.6,5.1,5.1,0.0,3.8,0.14,0.0
3083680901024,Ratatouille Cuisinée à la Provençal,Cassegrain,a,0,3.0,38.499302361635,4.1,0.6,5.7,5.5,3.4,1.3,0.81,
6111252422008,AQUAFINA,Aquafina,a,0,,,,,,,,,,0.0
6111273590021,Acyl,Acyl,a,0,,,,,,,,,0.001625,0.0
7613035694989,Boulettes aux Légumes,"Garden Gourmet, Garden gourmet",a,0,4.0,188.0,10.8,1.3,7.6,3.2,5.1,12.5,0.88,
6111251420272,Aïn Ifran Eau minérale naturelle,Ain ifrane,a,0,1.0,0.0,,,,,,,0.00762,0.0
3254380008430,"CRISTALINE Eau De Source Pétillante 1,5L",Cristalline,a,0,1.0,,,,,,,,,
3229820797946,Muesli sans sucres ajoutés raisin figue datte abricot,Bjorg,a,-2,3.0,352.0,5.8,0.9,59.0,14.0,10.0,11.0,0.03,29.4375
3228857001101,Beau & bon à la farine complète de blé,Harrys,a,0,4.0,303.0,9.0,1.0,41.0,3.5,7.0,11.0,0.9,
3263670162219,Plain Sardines,Connétable,a,0,3.0,158.0,7.8,2.6,0.0,0.0,0.0,22.0,1.0,9.375
6111035001710,Ain Atlas,Les Eaux Minérale D'Oulmès,a,0,1.0,,,,,,,,0.12,0.0
8402001010873,Muesli Crunchy,Hacendado,a,-7,4.0,401.0,12.0,1.4,52.0,3.2,23.0,8.8,0.08,14.52
6111273780040,,Aqua Life,a,0,3.0,0.0,0.0,0.0,0.0,0.0,0.0,0.0,0.0227272727272727,0.0
3068320114453,Badoit 1 L PET,BADOIT,a,0,1.0,0.0,0.0,0.0,0.0,0.0,0.0,0.0,0.0,0.0
8076809513388,Arrabbiata,Barilla,a,0,4.0,60.0,3.1,0.3,5.5,5.0,2.2,1.4,1.0,89.26
3182189999805,Biscottes sans sel et sans sucre ajoutés,Pasquier,a,-6,4.0,390.0,3.7,0.5,70.0,2.2,7.0,15.0,0.02,0.0
5010477356277,Granola Amandes Noisettes & Graines,Jordans,a,-3,4.0,451.0,14.8,2.4,58.9,2.5,16.1,12.6,0.03,18.75
5010477354051,Muesli Bio Superfruits,Jordans,a,-2,3.0,360.0,5.5,1.0,61.8,10.2,9.4,11.2,0.03,18.0
3276558775128,Tomates Cerises Allongées,Azura,a,-5,1.0,,,,,,,,,100.0
6111035001383,Eau minerale,Sidi ali,a,0,1.0,0.0,,,,,,,0.0625,0.0
6111273590007,Acyl,ACYL,a,0,1.0,,,,,,,,0.001625,
6111271800030,Eau de source naturelle La Source,Aïcha,a,0,1.0,,,,,,,,0.004,0.0
3336972109104,Chips de lentilles saveur oignons caramelisés,Vico,a,0,4.0,452.0,19.0,1.7,54.0,1.7,7.7,13.0,1.0,48.1310606060606
3083681094459,Courgettes à la Provençale 1/2,Cassegrain,a,-1,3.0,63.0,2.5,0.4,7.3,6.0,2.1,1.7,0.75,
20621469,Special Flakes Original,,a,0,3.0,386.0,1.8,0.3,79.5,8.8,8.1,8.9,0.5125,0.0
8076802085738,Barilla Penne Rigate Nº73,Barilla,a,0,1.0,359.0,2.0,0.5,71.0,3.5,3.0,13.0,0.01,
3560070614202,Copos de Avena Integral,Original,a,-5,1.0,372.0,7.0,1.3,59.0,0.7,10.0,14.0,0.0,0.0
3760020505936,Bouillon cube Légumes sans sel sans gluten,"Jardin Bio étic, Jardin biologique, Léa Nature",a,0,4.0,,,,,,,,,
3229820762692,TOFU NATURE,Bjorg,a,-4,3.0,151.0,8.5,1.6,1.3,0.5,0.7,17.0,0.04,0.0
6111251420135,Aïn Ifrane,,a,0,1.0,0.0,,,,,,,0.00075,0.0
3033491454080,SKYR,Danone,a,-3,3.0,57.5,0.2,0.1,3.9,3.9,0.0,10.0,0.1,0.0
3175681110106,germe de blé,Gerblé,a,-4,1.0,1587.5,9.6,1.7,35.0,14.0,14.0,30.0,0.02,0.0
3421557910203,Flocons d'avoine complets,"Terres & Céréales, Terres & Céréales BIO",a,-4,1.0,371.0,7.0,1.3,60.0,1.0,10.0,12.0,0.01,0.0
8076800376999,Lasagne all'uovo,"Barilla, Barilla G. e R. Fratelli SpA",a,-1,1.0,368.0,4.0,1.0,68.0,3.0,3.0,14.0,0.08,
6111248360116,Eau,Ain Soltane,a,0,1.0,0.0,0.0,0.0,0.0,0.0,,0.0,0.0,0.0
6111271800016,,iona,a,0,1.0,,,,,,,,,
6111035503115,vitalya,vitalya,a,0,,,,,,,,,,
7613036249928,Vittel,"Vittel, vittel",a,0,,,,,,,,,0.013,
8480000093691,Pan de molde 100% integral,Hacendado,a,-2,4.0,250.0,4.8,0.8,36.0,2.6,8.3,11.3,0.93,0.0
6111128001115,Ghaut,Ghaut,a,0,1.0,,,,,,,,,0.0
8710445020878,FIBRA & SÉSAMO,Biscuit International NL B.V.,a,0,3.0,395.833333333333,7.6,1.1,60.1,3.0,24.7,13.0,1.13,0.0
3608580789758,Compote Pomme Nature,Andros,a,-2,1.0,55.0,0.2,0.0,12.0,12.0,1.9,0.3,0.0,
3029330071280,Pain complet,Jacquet,a,0,4.0,264.0,5.2,0.4,42.0,2.9,7.5,8.5,1.1,12.15
6111271800023,La Source العين,la source,a,0,,,,,,,,,0.003575,0.0
3229820794112,Tofu fumé,Bjorg,a,-2,,139.0,7.7,1.4,1.0,0.5,2.7,15.0,0.59,0.0
8715700112596,heinz tomaten ketchup zero,"Heinz, H.J. Heinz B.V.",a,-1,4.0,44.0,0.1,0.0,5.4,4.4,,1.6,0.05,70.87
7613036021265,nuggets soja,Garden gourmet,a,-2,4.0,236.0,12.5,0.9,15.0,0.7,5.7,13.1,0.98,
6111021026000,Double concentré de tomates,Aicha,a,-1,3.0,123.0,0.4,0.1,24.0,9.0,3.0,4.6,0.5,99.75
4056489491217,Skyr,Milbona,a,-3,1.0,62.0,0.2,0.133333333333333,4.0,4.0,,11.0,0.131666666666667,0.0
8445291061132,HEPAR,"Nestlé, hepar",a,0,1.0,0.0,0.0,0.0,0.0,0.0,0.0,0.0,0.00355,0.0
8076802085981,Fusilli 2x,"BARILLA COLLEZIONE, Barilla",a,0,1.0,359.0,2.0,0.5,71.0,3.5,3.0,13.0,0.01,0.0
3760324300145,Suprêmes panés végétaux et gourmands,HappyVore,a,-1,4.0,232.0,13.0,1.2,15.0,0.6,6.8,9.7,0.925,5.16
6111128000026,Sidi Harazem,,a,0,1.0,0.0,0.0,0.0,0.0,0.0,,0.0,,0.0
3380380046940,Tartines Craquantes Sarrasin,"Ekibio, Le Pain des Fleurs",a,-3,1.0,388.0,2.7,0.6,75.2,1.7,4.5,13.4,0.01,0.0
20283360,Fiocchi di avena integrali,Crownfield,a,-5,1.0,372.0,7.0,1.3,58.7,0.7,10.0,13.5,0.02,0.0
3033492056603,SKYR,Danone,a,-3,1.0,57.5,0.2,0.1,3.9,3.9,0.0,10.0,0.09,0.0
6111021090100,Double concentre de tomate,Aicha,a,0,3.0,117.0,0.4,0.0,23.7,9.0,3.0,4.6,0.8,99.0
3600900011037,Quinoa Gourmand,Tipiak,a,-9,1.0,361.67,4.1,0.5,65.0,2.5,7.6,14.0,0.0,0.0
4056489682677,Pecan Nuts,"Alesto Selection, Lidl",a,-6,1.0,725.0,71.4,6.8,4.2,4.1,10.0,11.5,0.01,100.53
3307130803004,Ratatouille à la provençale,"Jardin Bio étic, Jardin biologique, Léa Nature",a,-2,3.0,64.0,3.5,0.5,6.1,5.2,1.7,1.2,0.47,
8005110517006,Mutti Pastasaus met basilicum,Mutti,a,0,4.0,56.0,2.8,0.5,5.3,4.5,1.8,1.6,0.81,98.99
8076809529419,Pâtes spaghetti au blé complet integral 500g,Barilla,a,-5,1.0,347.0,2.5,0.5,64.0,3.5,8.0,13.0,0.01,0.0
6111035002359,Sidi Ali Kids,Sidi Ali,a,0,1.0,0.0,,,,,,,0.0065,
8480000156112,Avena crunchy,Hacendado,a,-5,3.0,387.0,5.8,1.0,66.0,4.6,11.0,13.0,0.2,0.0
40897677,Hafer Flocken Zart,Crownfield,a,-5,1.0,372.5,6.7,1.1,59.5,0.8,9.7,13.2,0.0,0.0
5010029000016,Weetabix,Weetabix,a,-3,3.0,413.513513513513,2.0,0.6,69.0,4.2,10.0,12.0,0.28,0.0
8076809543934,Provencale,Barilla,a,0,3.0,66.0,3.5,0.3,6.4,5.0,1.5,1.4,1.0,
50457243,Heinz Ketchup,Heinz,a,0,3.0,,,,,,,,,
3270190021087,Fromage Blanc Nature 3%,Classic,a,-2,3.0,70.0,3.0,1.9,3.3,3.3,,7.5,0.1,0.0
3229820800721,muesli superfruits,Bjorg,a,-2,3.0,362.0,6.0,0.9,60.0,13.0,10.0,12.0,0.06,20.19
3068320080000,Eau Evian - 1L,Evian,a,0,1.0,0.0,0.0,0.0,0.0,0.0,,0.0,0.001625,0.0
3421557501630,Muesli BIO Fruits raisins pommes abricots & noix de coco Sans sucres ajoutés,T&C Terre et Céréales,a,0,3.0,354.0,5.4,1.2,61.0,15.0,11.0,9.7,0.01,26.5
4088600246291,Seeded Sourdough Bread,Specially Selected,a,-3,3.0,244.827586206897,3.79310344827586,0.517241379310345,42.9310344827586,0.517241379310345,5.51724137931035,8.62068965517241,0.0021551724137931,0.0
6111162001102,Thon Joly,"Doha, Joly",a,0,3.0,175.0,4.4,0.7,0.96,0.1,0.0,33.0,1.1684,
7613035833272,Perrier,"Nestlé, Nestlé Waters, Perrier",a,0,1.0,,,,,,,,,0.0
8024884500403,COURMAYEUR,Courmayeur,a,0,1.0,0.0,0.0,0.0,0.0,0.0,0.0,0.0,0.00015,0.0
3599741006305,Croustibat,Croustibat,a,0,4.0,289.083128471273,8.7,1.0,16.0,0.7,0.8,13.0,0.67,7.53
3029330004233,Vollkornbrot,Jacquet,a,0,3.0,211.2,1.7,0.3,36.0,4.9,10.0,6.8,1.0,0.0
3083681148626,Carottes rapees citron dnp 500g,Bonduelle,a,-1,4.0,73.0,4.5,0.3,5.5,4.5,3.0,1.0,0.71,
7613037397956,GARDEN GOURMET Sensational Burger Soja 226g,"Garden gourmet, Herta, Sensational",a,-2,4.0,176.0,11.0,0.7,3.9,1.3,5.9,12.4,0.94,
6111203004451,la hollandaise 16p cheddar,La Hollandaise,a,-1,4.0,270.0,23.0,0.0,7.0,0.0,,10.0,0.0,0.0
3468570116601,ROZANA,sarl ROZANA,a,0,1.0,0.0,0.0,0.0,0.0,0.0,0.0,0.0,0.12325,0.0
6130234001147,Lala kheddidja,cevital,a,0,1.0,0.0,0.0,0.0,0.0,0.0,,0.0,0.0055,0.0
3380380048432,pain des fleurs sarrasin,Ekibio,a,0,3.0,385.0,2.8,0.6,74.8,2.6,4.4,13.0,0.68,0.0
20266394,fromage blanc 0%,Envia,a,-1,3.0,48.0,0.5,0.2,4.6,4.6,0.5,6.8,0.1,0.0
8480000823021,Pan de molde con 52% centeno,"Hacendado, MERCADONA",a,0,4.0,265.0,7.8,1.0,35.0,2.1,7.5,10.0,1.3,0.0
3083681094923,Haricots Verts extra-fins 1/2,Cassegrain,a,-2,3.0,20.0,0.1,0.1,2.3,1.3,2.4,1.4,0.79,
3478820600651,spaghetti au quinoa ail et persil,Jardin Bio étic,a,-2,1.0,381.0,2.2,0.4,76.0,2.1,4.7,12.0,0.03,0.0
3770016162029,Aiguillettes végétales et gourmandes,HappyVore,a,-3,4.0,158.0,6.5,0.7,1.4,0.5,6.0,21.0,1.4,3.36
3023290091142,Skyr nature 0%,siggi's,a,-2,3.0,54.0,0.0,0.0,4.0,4.0,,9.5,0.09,0.0
8445291659445,GARDEN GOURMET La Panée Soja,"Garden Gourmet, Garden gourmet",a,-2,4.0,235.0,11.7,0.8,17.6,1.4,5.3,12.3,0.83,9.07
3229820794549,"Muesli fibres - Son de blé, Figues, Pruneaux",Bjorg,a,-3,1.0,344.0,6.0,0.9,53.0,9.0,15.0,12.0,0.02,14.5
3564700007433,"Fromage blanc au lait demi-écrémé, 3% de Mat. Gr.",Delisse Marque repere,a,0,3.0,69.0,3.0,1.9,4.0,4.0,0.0,6.4,0.125,0.0
4056489254683,Thunfischfilets in eigenem Saft,Nixe,a,-2,3.0,118.0,0.8,0.3,0.0,0.0,0.0,27.8,0.9,0.0
3329770083233,Skyr vanille,Yoplait,a,-1,3.0,78.0,0.5,0.1,10.9,10.0,,7.8,0.12,0.0
8024884600301,MONT BLANC Eau Minérale Naturelle 1.50 L,Mont blanc,a,0,1.0,0.0,0.0,0.0,0.0,0.0,0.0,0.0,0.0005,0.0
3256224080435,"Fromage blanc nature 3,0%mg pot 900g",U,a,-1,3.0,74.0,3.0,2.0,4.3,4.3,0.5,7.3,0.19,0.0
6111128000477,Eau minérale,,a,0,,0.0,0.0,0.0,0.0,0.0,,0.0,0.0,0.0
3421557502767,Muesli au chocolat,Terres et Céréales,a,0,3.0,400.0,11.0,3.9,60.0,9.1,9.3,10.0,0.15,3.0
20159917,CORN FLAKES,Crownfield,a,0,3.0,386.0,1.2,0.6,84.9,3.0,8.0,8.0,0.78,0.0
5010477360755,Granola chocolat noir - faible en sucre,Jordans,a,0,4.0,460.0,13.3,3.8,65.4,3.8,16.9,11.1,0.03,14.5
7613035866386,CONTREX eau minérale naturelle,"Contrex, contrex",a,0,,0.0001,0.0001,0.0001,0.0001,0.0001,0.0,0.0001,0.0001,
3045320517101,Compote de pomme allégée,Andros,a,-2,3.0,63.0,0.2,0.0,14.0,14.0,1.9,0.3,0.0,95.0
3390390000153,Purée de cacahuètes,Jean Hervé,a,-7,1.0,622.0,48.8,8.0,12.8,5.9,7.6,28.0,0.03,100.0
3033491482953,Hipro Myrtille,Danone,a,-3,4.0,53.75,0.1,0.1,3.7,3.4,,9.3,0.09,5.0
5025125000129,JASON'S SOURDOUGH,JASON'S SOURDOUGH,a,0,3.0,116.666666666667,1.08898568761668,0.15556938394524,44.803982576229,2.64467952706907,3.57809583074051,9.33416303671437,0.481098319850653,0.0
6111246721384,Ricotta 1%,Jobnaty,a,-3,,225.0,1.0,0.0,5.0,0.0,0.0,18.0,0.5,0.0
5411188118121,"Fermentiertes Sojaprodukt, Ungesüßt",alpro,a,0,4.0,42.0,2.3,0.4,0.0,0.0,0.9,4.0,0.24,10.7
8480000340245,Nuez natural pelada,"Hacendado, MERCADONA",a,-8,1.0,716.0,69.6,6.0,2.2,1.7,6.2,17.0,0.0,172.12
3560071433277,Biscottes blé complet Sans sucres* et sans sel ajoutés,Carrefour BIO,a,-6,4.0,383.0,3.5,0.4,69.0,3.0,9.9,14.0,0.02,0.0
3770008500037,Beurre de cacahuètes Bio,GO NUTS,a,-7,1.0,599.0,49.1,8.4,14.8,5.9,8.6,26.1,0.02,
0013764027053,Organic Bread 21 Whole Grains and Seeds,Dave's Killer Bread,a,-1,4.0,244.0,3.33,0.0,48.8888888888889,8.88888888888889,8.88888888888889,13.3333333333333,0.94445,0.82
4056489032090,Lentilles vertes,Golden Sun,a,-16,1.0,327.0,1.8,0.2,44.5,1.1,16.4,25.1,0.0,257.45
3033491270864,Danone skyr 140 g x 2 nature,"Danone, Danone of the world",a,-3,1.0,57.0,0.2,0.1,3.9,3.9,,10.0,0.09,0.0
7613035982055,"Le Gourmand Soja, Poivre et Persil","Nestlé, Garden gourmet",a,-2,4.0,173.0,4.8,0.4,10.4,3.0,4.3,20.0,1.1,
3502490099177,Amandes grillées sans sel,maître prunille,a,-10,1.0,637.0,55.0,4.2,5.4,4.5,9.3,25.0,0.0,100.0
3038352875035,Tomacouli Nature,Panzani,a,-1,3.0,27.0,0.1,0.05,4.5,3.9,1.6,1.2,0.05,76.47
5411188129318,Skyr Alternative Natur,alpro,a,-1,4.0,65.0,3.3,0.6,2.2,2.2,1.3,5.6,0.33,15.7
3278692111145,Yaourt nature,Malo,a,0,1.0,53.0,1.0,0.6,6.7,6.7,0.0,4.3,0.16,0.0
3229820796451,Granola Fruits Rouges,Bjorg,a,0,4.0,408.0,12.0,1.8,61.0,12.0,8.0,10.0,0.02,1.5625
3263670128215,Sardines marinade citron basilic sans huile,Connétable,a,0,4.0,158.0,7.2,2.4,1.2,0.0,0.0,22.0,0.9,3.15
3095757047108,Blanc de Poulet,fleury Michon,a,0,4.0,103.967495219885,1.9,0.5,0.5,0.5,,21.0,1.3775,0.45
3664320011510,L\'originale,Quézac,a,0,4.0,,,,,,,,0.0275,0.0
3564706624467,Flocons d'avoine,Marque Repère,a,-5,1.0,372.0,7.0,1.3,59.0,0.7,10.0,14.0,0.025,0.0
3329770057234,Câlin Extra 0%,Yoplait,a,0,4.0,61.0,0.1,0.1,7.8,7.8,0.1,6.5,0.13,0.0
8002270116544,San Pellegrino,"Nestlé, San Pellegrino",a,0,1.0,0.0,0.0,0.0,0.0,0.0,0.0,0.0,7.8e-06,0.0
3329770082342,Skyr nature (8x Nature),Yoplait,a,-2,1.0,56.0,0.5,0.1,3.6,3.6,,9.3,0.14,0.0
3033491588136,Yaourt protéiné Hipro Vanille 0%mg - 2x160g,Danone,a,-3,4.0,53.125,0.1,0.1,3.6,3.1,,9.4,0.09,2.0
4056489440116,Amandes Décortiquées,"Alesto, 04 x Lidl 07.25, 05 x Lidl 07.25, LIDL, LIDL Alesto",a,-10,1.0,621.0,53.3,4.3,4.8,4.8,12.1,24.5,0.01,100.0
20023751,Carottes râpées à la ciboulette,Saladinettes,a,-4,4.0,79.0,5.2,0.4,5.6,5.0,28.0,1.1,0.865,97.59
3281780894950,Mes Carottes râpées à la ciboulette,Pierre Martinet,a,0,4.0,79.0,5.2,0.4,5.6,5.0,2.8,1.1,0.88,86.26
3154230801054,HERTA Blanc Poulet sel réduit sans nitrite x4 140g,Herta,a,-1,4.0,105.6,2.0,0.7,0.9,0.0,0.0,21.0,1.2,0.0395833333333334
4056489216162,High Protein Chocolate Flavour Pudding,LIDL,a,-3,4.0,76.0,1.5,1.0,5.2,4.0,0.9,10.0,0.12,0.0
3560071270285,Petits flocons d'avoine complète,Carrefour BIO,a,-4,1.0,373.0,7.9,1.3,60.0,1.0,8.7,11.0,0.0,0.0
8076800105056,Pâtes spaghetti n°5 1kg,Barilla,a,0,1.0,359.0,2.0,0.5,71.0,3.5,3.0,13.0,0.01,
5034467000216,NAKED ORGANIC TOFU,The Tofoo Co.,a,-4,3.0,145.714285714286,7.8,1.2,1.1,0.1,1.9,16.5,0.00015,36.0
8402001019395,Gazpacho Tradicional,Hacendado,a,-2,3.0,40.0,2.6,0.4,3.4,3.3,1.1,0.9,0.7875,94.2
3270190113508,Eau de source de montagne d'auvergne,Classic\',a,0,1.0,0.0,0.0,0.0,0.0,0.0,,0.0,0.000675,0.0
3175681061460,Cuisiné cappelletti,Céréal BIO,a,0,4.0,98.1818181818182,2.7,0.5,13.0,3.2,3.2,3.7,0.56,45.0
8480000213587,Griego Ligero Natural,Hacendado,a,0,4.0,60.0,2.0,1.4,4.7,4.7,,5.8,0.16,0.0
3038359011450,Panzani sce provencale 425g,Panzani,a,0,4.0,48.0,1.8,0.2,6.3,5.3,1.1,1.2,0.88,90.4
8076800105735,Penne Rigate,Barilla,a,0,1.0,359.0,2.0,0.5,71.0,3.5,3.0,13.0,0.01,
3083681085860,Pois Chiches Très peu de jus 1/2,Bonduelle,a,-10,3.0,119.0,2.2,0.2,15.0,0.5,7.7,6.0,0.6,
3292070006564,Guacamole Extra,L'atelier Blini,a,0,4.0,111.0,8.3,2.3,5.6,1.1,4.2,1.5,0.94,
8410066139231,Tomato Frito,Heinz,a,0,4.0,73.0,3.5,0.4,9.3,6.0,,1.1,0.91,93.74
8480000094742,Granola baja en azúcares,Hacendado,a,-1,,477.0,22.7,3.5,50.2,4.7,8.5,13.6,0.02,7.0
6130758000022,Guedila,Guedila,a,0,,0.0,0.0,0.0,0.0,0.0,0.0,0.0,0.00725,
3273220181027,Nature,Sojade,a,-1,1.0,52.0,2.9,0.4,1.6,0.0,0.0,4.8,0.1,10.8
3252971595857,Les Crozets au Sarrasin,Alpina Savoie,a,-1,3.0,365.0,3.0,0.8,70.0,2.5,3.5,13.0,0.25,0.0
6111248360123,Ain soltane 50cl,,a,0,1.0,0.0,0.0,0.0,0.0,0.0,,0.0,0.004,
8437010848230,Pechuguita de Pollo Asada al Horno,"CARLOTEÑA DE ASADOS S.L., La Carloteña",a,-6,4.0,100.0,2.0,0.6,0.4,0.4,,26.8,0.004,0.0
7613034579102,PERRIER eau minérale naturelle gazeuse,"Nestlé, Nestlé Waters, Perrier",a,0,,,,,,,,,0.024,
8076809523509,Pâtes linguine collezione 500g,Barilla,a,0,1.0,359.0,2.0,0.5,71.0,3.5,3.0,13.0,0.01,
3229820786599,Flocons d'avoine 4 graines et raisins,Bjorg,a,-4,3.0,394.0,12.0,1.8,51.0,8.6,11.0,15.0,0.03,12.0
6111021022002,Aicha Double Concentré De Tomates 140 G,Aicha,a,-1,1.0,117.0,0.4,0.0,23.7,9.0,3.0,4.6,0.5,100.0
3251490432650,Croq' soja à la provencale,Céréal Bio,a,-3,3.0,172.0,8.0,1.0,4.0,2.0,7.0,14.0,1.2,16.9916625976563
3033490004514,Yaourt le nature,Danone,a,0,1.0,45.0,1.0,0.6,5.1,5.1,0.0,3.8,0.1,0.0
5410188027747,"Alvalle Gazpacho tomate, menthe & basilic 1 L",Alvalle,a,-3,3.0,30.0,1.1,0.2,3.7,3.3,1.1,1.0,0.46,115.78
3341430510019,TAM thon entier a l'huile,tam,a,-1,3.0,231.0,14.2,0.22294,0.0,0.0,,25.8,1.0,0.0
20416690,Greek Style Natural Light 2% fat,,a,0,1.0,58.0,2.0,1.4,4.0,4.0,,6.0,0.1275,0.0
5010003064744,Seed Sensations Seven Seeds,Hovis,a,-3,4.0,277.272727272727,6.6,0.6,42.0,3.8,5.3,10.0,0.0022,0.0
3175681085398,Recette indienne quinoa et curry,Céréal bio,a,-4,4.0,145.0,6.7,0.9,12.0,1.3,7.5,5.4,0.6,27.3
8402001012174,Barritas de Espelta Sabor Manzana 0%,Hacendado,a,-1,4.0,346.0,6.1,0.7,55.0,4.8,24.0,6.1,0.26,19.51
3250391896554,Flocons d'avoine complète 500g,Chabrior,a,-4,1.0,369.0,6.8,1.2,60.0,1.1,10.0,12.0,0.05,0.0
3256229878242,"Beurre de cacahuètes bio, 350g","U, U Bio",a,-8,1.0,581.0,48.0,7.0,5.2,5.0,12.0,26.0,0.04,102.35
3504182960123,Tomates cerises allongées,Azura,a,-5,1.0,,,,,,,,,100.0
3175681210981,Façon Chili,Céréal BIO,a,-3,3.0,111.0,3.5,0.4,8.9,2.3,6.9,7.6,0.66,36.72
3175681188389,Sablés Myrtilles Germes de riz,Gerblé,a,0,4.0,54.0,2.0,0.2,7.9,1.9,0.5,0.9,0.05,25.2
3270160193301,4 filets de cabillaud panure croustillante,Picard,a,0,4.0,193.0,8.1,0.9,17.0,1.8,1.3,12.0,0.46,0.95703125
5010029000801,Weetabix,Weetabix,a,-3,3.0,354.66667,2.0,0.6,68.0,4.2,10.0,11.0,0.28,0.0
3083681057843,Haricots Verts extra-fins 1/4,Cassegrain,a,-2,3.0,20.0,0.1,0.1,2.3,1.3,2.4,1.4,0.79,
3083680085335,Flageolets préparés 1/2,Cassegrain,a,-5,4.0,98.0,0.8,0.1,13.0,0.5,6.2,6.5,0.81,
3263670126518,Sardines sans arêtes au naturel,Connétable,a,0,4.0,,,,,,,,,
6111248360291,Eau de table purifiée,Amane Souss,a,0,1.0,,,,,,,,,0.0
8480000180186,Atún claro al natural,"Hacendado, MERCADONA",a,-1,3.0,98.75,1.2,0.4,0.9,0.5,0.0,21.0,1.1,0.0
3448781100002,Wattwiller,Wattwiller,a,0,1.0,,,,,,,,0.00075,0.0
8410376002201,Galleta ligera sin sal y sin azúcar,Gullón,a,-2,4.0,408.0,13.0,1.5,58.0,2.8,17.0,9.0,0.01,0.0
8480000095718,Copos de trigo espelta integral 0%,"Hacendado, MERCADONA",a,-4,3.0,364.0,2.7,0.2,66.0,1.9,8.8,14.6,0.78,0.0
20037154,Sauce tomate au basilic,Combino,a,-1,4.0,45.0,1.2,0.2,6.2,4.4,2.0,1.3,0.8,89.34
3564700371107,Eau de source de montagne Laqueuille,"Marque Repère, Laqueuille",a,0,1.0,0.0,0.0,0.0,0.0,0.0,,0.0,0.0015,0.0
5411188124269,"Alpro Joghurtalternative auf Sojabasis, Natur mit Hafer, 500 g",alpro,a,-1,4.0,55.0,2.0,0.4,3.0,1.9,2.3,3.8,0.09,11.2
3045320083446,pomme poire,Andros,a,0,3.0,79.0,0.2,0.0,18.0,18.0,1.6,0.3,0.0,89.0
8076809512268,Girandole Torsades Nº34,Barilla,a,0,1.0,359.0,2.0,0.5,71.0,3.5,3.0,13.0,0.01,
20198107,Tomaten geschält,"Baresa, Lidl",a,-4,1.0,29.0,0.4,0.0,4.1,3.6,1.2,1.3,0.09,99.9
8480000823281,Pan de Molde 100% Integral,"Hacendado, MERCADONA",a,-2,4.0,231.034482758621,3.2,0.7,37.0,2.9,7.4,11.0,1.0,0.0
6111162001416,Delicia 200 g,Délicia,a,0,,91.0,0.0,0.0,18.35,0.09,0.0,4.13,0.0,
3760021251184,SAINT ANTONIN Eau Minérale Naturelle Naturelle 1 L,Saint-Antonin,a,0,1.0,0.0,0.0,0.0,0.0,0.0,,0.0,0.00079,0.0
3560071190965,Flocons d'avoine,"Carrefour BIO, Carrefour",a,-5,1.0,372.0,7.0,1.3,59.0,0.7,10.0,14.0,0.01,8.55
5057967395088,Rye and Mixed Seed Sourdough Bread,finest,a,-1,3.0,203.333333333333,3.8,0.4,42.6,2.2,6.8,9.0,0.78,0.74
8402001015205,Avena Crunchy Cacao,Hacendado,a,-3,4.0,393.0,6.4,1.6,65.0,9.0,11.0,13.0,0.18,0.0
20468583,Kichererbsen,Sol&Mar,a,-9,3.0,117.0,2.4,0.5,15.0,1.2,7.6,6.3,0.4,104.14
3229820780955,Galette Épeautre Son d'Avoine,Bjorg,a,-7,3.0,370.0,2.9,0.6,64.0,0.7,9.8,17.0,0.2,0.0
3250392712525,skyr nature 460g,paturage,a,-2,1.0,54.3,0.1,0.0,4.4,3.7,0.5,8.7,0.08,0.0
3560071406073,SKYR Nature,Sensation,a,-2,1.0,52.0,0.0,0.0,4.0,3.6,0.0,8.9,0.11,0.0
5900020043481,Nestle fitness protein cocoa 0% added sugar,Fitness,a,-1,4.0,351.0,5.1,1.4,64.1,0.8,12.4,12.1,0.89,0.0
6111248360376,Eau mineral 33cl aman,,a,0,1.0,,,,,,,,,0.0
3033491704642,Skyr nature 0%,Danone,a,-3,1.0,57.0,0.2,0.1,3.9,3.9,,10.0,0.0895833333333333,0.0
3038359011481,Sauce basilic aux tomates fraîches de saison,Panzani,a,0,4.0,50.0,1.8,0.2,6.5,5.3,1.1,1.3,0.89,98.11
3256228686619,Flocons d'avoine,"U, U Bio",a,-6,1.0,364.0,6.9,0.6,56.0,1.2,11.0,14.0,0.01,0.0
3256229255630,Céréales Granola Noix & Graines 350G,U,a,-1,3.0,454.0,18.0,2.0,56.0,13.0,7.7,13.0,0.01,8.0
3100881040809,ST YORRE Eau Minérale Naturelle Naturellement Gazeuse 1.15 L,VICHY,a,2,1.0,0.0,0.0,0.0,0.0,0.0,0.0,0.0,0.5,0.0
3229820794631,Galettes aux 4 céréales.,Bjorg,a,0,3.0,379.0,2.2,0.5,80.0,0.6,3.5,8.0,0.2,0.0
3478820043625,Spaghetti au Quinoa Tomate,Jardin Bio étic,a,-2,4.0,366.0,1.9,0.25,74.0,2.5,4.5,11.0,0.017,0.0
3175681120556,"Orge, lentilles vertes, riz rouge au naturel",Céréal Bio,a,-2,3.0,164.0,5.8,0.9,20.0,0.0,7.7,4.1,0.41,11.6
8480000868091,Cocktail Natural,Hacendado,a,-8,1.0,636.0,57.0,6.9,5.7,5.7,11.0,20.4,0.0,124.63
3023290027332,Skyr Nature,siggi's,a,-2,3.0,52.0,0.0,0.0,3.5,3.5,,9.5,0.1,0.0
8402001012051,Yogur griego ligero,Hacendado,a,0,4.0,60.0,2.0,1.4,4.7,4.7,0.0,5.8,0.16,0.0
3270190020936,Fromage Blanc Nature 0%,Classic,a,-2,3.0,48.0,0.0,0.0,4.5,4.0,0.0,7.5,0.09,0.0
8710637105390,Wraps Multigrains,"Gruma Netherlands B.V., Mission",a,0,4.0,312.0,7.0,0.9,52.0,1.0,6.4,7.3,0.92,0.0
5410188024647,Gazpacho l'original,Alvalle,a,-2,3.0,40.0,2.2,0.4,3.5,3.3,1.2,0.9,0.62,
8480000180025,Atún claro en aceite de oliva,Hacendado,a,0,3.0,97.0,18.0,2.9,0.9,0.4,0.0,21.0,0.54,12.635
3270190212980,Carottes râpées au jus de citron de sicile,Carrefour,a,-1,4.0,94.0,7.3,0.5,4.7,4.4,3.0,0.9,0.59,90.966015625
8076809513692,Napoletana,Barilla,a,0,4.0,72.0,3.7,0.4,6.2,5.2,1.8,1.4,0.96,87.8
5411188121213,Greek Style Plain,alpro,a,-1,4.0,68.0,3.3,0.6,2.6,2.5,1.5,5.8,0.36,15.7
3083681116939,Poêlée Paysanne 750g,Bonduelle,a,0,4.0,44.6666666666667,2.7,0.7,7.4,2.3,3.3,1.7,0.71,
4056489758716,Houmous,"Lidl, Saladinettes",a,0,3.0,254.0,20.7,2.7,7.9,0.5,9.8,7.3,0.82,64.82
6111162001553,Double concentre de tomate,Delicia,a,-5,1.0,,,,,,,,,100.0
3341430551449,Thon entier à l'huile,TAM,a,-1,3.0,231.0,14.2,0.001,0.0,0.0,0.0,25.8,1.0,0.0
8480000095329,Cereal mix 0% azúcares añadidos,"Hacendado, MERCADONA",a,-2,4.0,372.0,2.7,0.7,74.8,0.7,5.6,9.4,0.0,0.0
20023218,Sauce Tomate Napolitaine,Combino,a,-1,4.0,59.0,2.9,0.4,5.1,5.1,,1.4,0.7875,88.67
5201054017418,Total 0% fat,FAGE,a,-4,1.0,54.0,0.0,0.0,3.0,3.0,0.0,10.3,0.1,0.0
8076809535755,Sauce tomate basilic,Barilla,a,0,4.0,64.0,2.6,0.3,7.6,5.9,1.9,1.6,0.9,
3478820003193,Quinoa poulet et sésame,Jardin Bio étic,a,0,3.0,70.0,6.9,1.2,18.0,3.0,6.5,6.9,0.7,33.85
3175681104112,"Purée lentilles corail, potimarron",Céréal Bio,a,-1,3.0,89.0,3.1,0.5,8.5,1.4,4.4,4.5,0.66,70.38
3083681095319,Petits Pois et Carottes 1/2,Cassegrain,a,-4,4.0,22.5477109563837,0.7,0.0,7.6,3.8,4.2,3.6,0.77,
8008343200486,Fusilli No 48,Rummo,a,-5,,352.941176470588,1.6,0.4,69.5,2.8,6.2,14.5,0.01,0.0
3250393048029,Skyr,PÂTURAGES,a,-3,1.0,50.0,0.5,0.1,3.7,3.4,0.5,8.5,0.1,0.0
3175681797420,Biscuit Chocolat Céréales,Gerlinéa,a,-1,4.0,440.0,14.0,2.0,57.0,14.0,8.1,17.0,0.38,8.33
3564700582640,Les craquantes blé complet,EPI D'OR,a,-1,3.0,396.0,4.3,0.5,65.0,2.8,11.0,12.0,1.0,0.0
01318180,MULTISEED WHOLEMEAL FARMHOUSE LOAF,"Sainsbury's, Sainsbury's taste the difference",a,0,4.0,270.0,7.5,1.1,34.2,4.2,7.4,12.8,0.84,0.0
8005110170300,Polpa Tomates concassées fines,Mutti,a,-4,3.0,26.0,0.2,0.1,3.9,2.8,,1.2,0.3,99.8
20522605,Tomato Passata,Baresa,a,-4,1.0,37.0,0.2,0.1,6.1,5.9,1.9,1.7,0.1,100.0
5690845000577,Skyr sans lactose à la myrtille et à la framboise,Isey Skyr,a,0,4.0,57.0,,,,,,,,9.0
6111032009436,Activia,Danone,a,0,,64.0,1.2,0.8,9.9,5.5,1.5,2.7,0.0,0.0
3177500000742,Unleavened Breads,biscuiterie agenaise,a,-1,1.0,364.0,0.8,0.18,76.9,1.1,3.5,10.6,0.01,0.0
8480000094889,Copos de trigo integral y arroz 0% azúcares añadidos,Hacendado,a,0,3.0,373.0,1.66666666666667,0.166666666666667,75.0,0.666666666666667,4.66666666666667,10.3333333333333,0.6,0.0
7613035982116,Falafels Pois chiches,"Nestlé, Garden gourmet",a,-2,4.0,187.0,7.5,0.6,18.0,2.0,8.7,7.5,1.2,
3083681027860,Haricots Verts extra-fins 4/4,Cassegrain,a,-2,3.0,20.0,0.1,0.1,2.3,1.3,2.4,1.4,0.79,
8076809514439,Pâtes coquillettes 1kg,Barilla,a,0,1.0,359.0,2.0,0.5,71.0,3.5,3.0,13.0,0.01,0.0
6130760000102,Nature,Soummam,a,0,1.0,48.0,1.9,1.24,4.28,0.0,0.0,3.5,0.11,0.0
5070000126579,Granola Super Nutty,Bio&Me,a,0,4.0,402.0,14.4,2.2,50.2,9.6,14.4,10.9,0.03,38.1458333333333
3175681197350,Sélégerme,Gerblé,a,-5,1.0,355.0,7.0,1.3,27.0,6.9,18.0,37.0,0.07,
3380380089800,Tartines Craquantes Sarrasin,Le pain des fleurs,a,-3,1.0,388.0,2.7,0.6,75.0,1.7,4.5,13.0,0.01,0.0
3770008500129,Beurre de cacahuètes Bio,Go Nuts,a,-7,1.0,599.0,49.1,8.4,14.8,5.9,8.6,26.1,0.02,
3033491953637,HiPro Chocolat Noisette,Danone,a,-2,4.0,73.0,0.9,0.6,5.7,4.3,,10.2,0.31,0.0
3068111301246,Farine de blé complète - T150,Francine,a,-5,,337.0,2.2,0.2,63.9,2.0,9.5,10.7,0.0,0.0
3175681108943,Love Tofu fumé,Céréal Bio,a,-2,3.0,164.0,10.0,1.7,1.0,0.8,3.2,16.0,0.52,0.52
3256225722075,Biscottes au blé complet x36 tranches de 300g,U,a,0,4.0,386.0,6.0,0.6,65.0,3.5,10.0,13.0,1.1,0.0
3560070401826,biscottes braisées,Carrefour,a,-1,4.0,370.0,5.6,0.7,59.0,3.8,14.0,14.0,0.92,0.0
5013665115373,Lentil and Pea Cakes with Beetroot and Balsamic Flavour Seasoning,Kallo,a,-8,4.0,400.0,12.0,1.1,51.0,3.6,6.0,25.0,0.1035,110.89
3270160695621,"Crevettes à l'indienne, lentilles corail et légumes",Picard,a,-2,4.0,93.1428571428571,2.8,1.4,7.6,1.7,3.1,8.1,0.33,58.5315359477124
3302740046926,Blanc de Poulet - Doré au Four,Fleury Michon,a,-6,4.0,100.0,1.6,0.4,0.5,0.5,,21.0,0.00375,0.0
3165440006702,Couscous sachet cuisson,Tipiak,a,-2,1.0,360.0,1.8,0.3,72.0,3.4,3.7,13.0,0.0,
5018357012497,simply nutty muesli,dorset cereals,a,0,1.0,376.0,6.8,1.1,64.4,14.2,8.6,9.9,0.03,35.95
8412600028124,CLASICA / CLASSICO,The Rustik Bakery,a,0,,319.0,1.5,0.3,45.0,3.8,4.0,9.4,0.00275,0.0
3564707116169,Flocons d'Avoine,"Bio Village, Marque Repère",a,-5,1.0,372.0,7.0,1.3,59.0,0.7,10.0,14.0,0.02,0.0
3229820786865,Avoine cuisine,Bjorg,a,0,4.0,79.0,6.7,0.6,3.5,0.5,1.0,0.6,0.18,0.0
3760324300053,Haché Végétal et Gourmand,HappyVore,a,-3,4.0,224.0,16.0,1.8,3.4,0.0,5.3,14.0,0.59,6.14
20022952,Eau de source,Saguaro,a,0,1.0,,,,,,,,0.000925,
8002270015328,Eau minérale naturelle gazeuse 50cl PET,"Nestlé, San Pellegrino, Nestlé Waters, S. pellegrino",a,0,,0.0,0.0,0.0,0.0,0.0,0.0,0.0,0.0078,
8412600028131,Hogaza Masa Madre y Cereales,The Rustik Bakery,a,-2,4.0,273.0,3.8,0.6,38.0,2.9,8.2,11.0,1.0,0.0
3021769505619,Pom'potes sans sucres ajoutés,Pom' Potes,a,-3,1.0,56.0,0.5,0.2,11.0,10.0,1.3,0.5,0.01,99.9
8480000223883,Panecillo 100% integral,MERCADONA,a,0,4.0,235.0,1.5,0.4,42.6,3.0,7.2,9.2,1.2,0.0
8480000510716,Queso fresco batido desnatado,Hacendado,a,-2,3.0,46.0,0.5,0.1,3.5,3.5,0.0,8.0,0.1,0.0
3229820800738,Crousti' Avoine Nature,Bjorg,a,0,4.0,417.0,10.0,2.1,66.0,13.0,9.4,11.0,0.1,0.0
3661344723290,Skyr bio nature,LES 2 VACHES,a,-3,1.0,57.5,0.2,0.1,3.9,3.9,,10.0,0.09,0.0
3019081239626,Thon entier au nature,Petit Navire,a,-2,3.0,109.0,1.0,0.5,0.0,0.0,,25.0,1.0,0.0
3261055930439,Le Cassoulet Mitonné,William Saurin,a,-2,4.0,115.0,4.7,1.8,8.9,0.6,3.8,7.3,0.0,34.046875
20816445,Mixed Nuts,Alesto,a,-9,1.0,646.0,58.0,6.4,6.4,4.2,8.5,20.4,0.01,100.0
3175681190078,Haché végétal Façon Bolognaise au soja,Céréal BIO,a,-5,3.0,139.0,4.6,0.7,12.1,2.6,5.6,15.0,0.59,29.09
3560071417444,Petits pains grillés à l'épeautre,"Carrefour BIO, Carrefour",a,0,3.0,384.0,5.8,0.6,68.0,3.8,7.6,11.0,1.0,0.0
3019081239640,Thon entier au naturel Albacore,Petit Navire,a,-2,3.0,109.0,1.0,0.5,0.0,0.0,,25.0,1.0,0.0
5010477357335,Muesli bio noix & graines,Jordans,a,-2,3.0,427.0,16.8,2.3,50.9,6.3,8.7,13.6,0.03,18.75
8076809523714,BARILLA TAGLIATELLE 500g,"BARILLA, Barilla",a,0,1.0,359.0,2.0,0.5,71.0,3.5,3.0,13.0,0.01,0.0
3560070998784,Végétal falafels pois chiches coriandre,Sensation,a,-1,4.0,217.0,13.0,1.6,15.0,1.8,6.3,7.0,0.79,82.2
6130093010045,L'Eau d'Ifri,Ifri,a,0,1.0,,,,,,,,,0.0
3341430490380,Thon a lhuile,TAM,a,-3,3.0,145.0,2.8,2.8,0.2,0.2,0.0,29.6,0.33,0.0
3175681281936,Curry thaï,Céréal Bio,a,-8,3.0,107.5,4.1,1.0,8.1,1.5,6.4,6.6,0.53,88.3703673402601
4056489857396,High Protein Frutas con Trozos,Envia,a,-4,4.0,63.2,0.3,0.2,4.5,3.9,0.1,8.3,0.1475,72.1625
8480000340788,Pipas tostadas gigantes aguasal,Hacendado,a,-9,3.0,631.0,52.0,5.8,5.7,4.3,8.1,30.0,0.03,0.0
3259010101208,Tofou Nature,SOY,a,-3,3.0,145.0,9.0,1.5,1.0,0.8,2.5,14.0,0.01,0.0
8410175068453,Confitura de fresas 0% azúcares añadidos,Hero,a,-2,4.0,40.0,0.2,0.0,12.6,3.2,1.8,0.4,0.0,64.68
6111162000464,Joly,Les Conserveries Marocaines Doha,a,0,3.0,175.4,4.4,0.7,0.96,0.96,0.0,33.0,1.15,0.0
8712566246526,Maille Cornichons Extra-Fins L'Original Bocal 380g,Maille,a,-2,4.0,,,,,,,,,
4088600060941,Greek 0% Fat Authentic Greek Yogurt,Brooklea,a,-3,1.0,57.0,0.0,0.0,3.9,3.5,0.0,10.4,0.09,0.0
3564707081023,Ratatouille à la provençale,"Bio Village, Marque Repère",a,-2,3.0,71.0,4.2,0.6,6.0,4.2,2.2,1.2,0.6,
3422440006416,Purée de carottes,Créaline,a,0,3.0,61.0,4.3,2.8,3.4,2.6,2.3,0.9,0.74,83.0
3038359011436,Panzani sauce provencale nat 210g f12,Panzani,a,0,4.0,48.0,1.8,0.2,6.3,5.3,1.1,1.2,0.88,90.4
3033491922466,Cottage Cheese,Danone,a,-1,3.0,87.9541108986615,3.3,2.4,1.4,1.6,0.0,12.0,0.0,0.0
3019081239862,Thon entier au naturel albacore,Petit Navire,a,-2,3.0,109.0,1.0,0.5,0.0,0.0,,25.0,1.0,0.0
0144435000430,,Sidi Ali,a,0,1.0,,,,,,,,,
3564706770362,Skyr Nature,Délice,a,-3,3.0,60.0,0.5,0.1,4.8,3.2,0.5,8.8,0.1,0.0
3021760403167,Pom'Potes Bio - Pomme Bio,Materne,a,-2,1.0,61.0,0.6,0.2,12.0,11.0,1.3,0.5,0.0,99.9
3307131305170,Léa Nature - Pomme Vanille bourbon,"Jardin Bio étic, Léa Nature",a,-2,1.0,55.0,0.0,0.0,13.0,11.0,1.5,0.0,0.0,
3254381016922,"CRISTALINE Eau de Source Pétillante 0,5L",Cristaline,a,0,1.0,0.0,0.0,0.0,0.0,0.0,0.0,0.0,0.021,0.0
3166352967037,Poisson à l'andalouse riz safrané aux petits légumes,Marie,a,0,3.0,102.0,3.7,0.6,9.3,1.1,1.0,7.4,0.6,
3270160687114,Velouté lentilles corail lait coco curry coriandre 1 kg,PICARD Surgelé,a,0,3.0,84.0,3.2,2.1,6.2,0.8,5.7,4.9,0.5,36.27
6111266962187,Lait frais naturel demi écrémé,Jaouda,b,-4,3.0,45.0,1.5,1.0,4.9,0.0,,3.1,0.0,0.0
6111242101180,uht jaouda 1L,Jaouda,b,-1,1.0,58.0,3.0,0.0,4.8,0.0,,3.0,0.0,0.0
6111032009665,,Salim,b,-3,,45.0,1.5,1.0,4.8,0.0,,3.0,0.0,0.0
6111242100206,Le nature,Jaouda,b,1,3.0,78.5,3.3,2.4,8.0,0.0,0.0,4.2,0.0,0.0
3168930010265,cruesly mélange de noix,"PEPSICO FRANCE, Quaker",b,1,4.0,462.0,19.0,2.0,57.0,12.0,10.0,8.5,0.0,10.7
3760020507350,Pur beurre de cacahuète,"Jardin Bio étic, NATURENVIE",b,-5,1.0,628.0,51.0,9.9,12.0,5.1,6.5,27.0,0.0,102.25
3228857002344,Pain de mie american sandwich complet sans sucres ajoutés 600g,Harrys,b,1,4.0,280.0,6.8,0.5,43.0,3.6,8.1,7.7,1.1,11.48
5411188112709,Geröstete Mandel Ohne Zucker,"alpro, Danone Belux nv",b,1,4.0,14.0,1.1,0.0,0.0,0.0,0.3,0.5,0.15,2.3
3168930163480,Alvalle Gazpacho l'original,ALVALLé,b,2,3.0,40.0,2.2,0.4,3.5,3.3,1.2,1.2,0.67,116.45
6111242100817,Le Lait demi écrémé,Jaouda,b,-4,,45.0,1.5,1.0,4.9,0.0,,3.1,0.0,0.0
3175681851849,Pomme Noisette,Gerblé,b,2,4.0,457.0,17.0,1.5,63.0,11.0,5.9,10.0,0.01,22.54
5449000061515,Ciel,THE COCA-COLA COMPANY,b,0,1.0,0.0,0.0,0.0,0.0,0.0,0.0,0.0,0.05,0.0
3251490332080,figues et son,Gerblé,b,2,4.0,450.0,18.0,1.6,55.0,16.0,14.0,9.6,0.18,5.46
3480341000674,Carré frais 0% 1 portion 25g,Elle & Vire,b,1,3.0,84.0,0.3,0.2,4.5,2.9,,16.0,1.3,0.0
6111266963207,كيفير,Jaouda,b,-2,1.0,53.6,2.5,1.8,4.8,0.0,,3.0,0.0,0.0
8420756010320,kéfir nature,Reina,b,-1,,48.0,1.5,1.0,4.7,4.7,,3.4,0.13,0.0
3387390123210,Chocapic,"Nestlé, Chocapic",b,2,4.0,384.0,4.4,1.1,73.8,19.9,7.7,8.5,0.2,
3229820787015,Amande sans sucres,Bjorg,b,2,4.0,25.0,1.7,0.2,1.6,0.5,,0.7,0.05,2.8
20267605,Anacardo/Castanha-de-caju natural,,b,-4,1.0,600.0,47.6,9.0,19.8,6.5,5.2,20.5,0.02,100.0
7613036669146,NESTLE CHOCAPIC BIO Céréales - Boite de 375g,"Nestlé, Chocapic",b,2,4.0,390.0,5.6,1.6,71.7,19.9,8.2,9.1,0.2,
3228857000166,100% mie complet 500g,"Harris, Harrys",b,2,4.0,250.0,4.3,0.4,42.0,5.5,6.5,7.5,1.1,
3033710073467,"Chicorée & Café, RICORÉ® L'Original, Boîte de 100g","Nestlé, NESTLE FRANCE, Ricore",b,0,4.0,,,,,,,,,
6111246722039,fromage herbes milky food,milky foof,b,1,3.0,228.0,21.0,0.0,4.0,0.0,0.0,4.8,0.0,0.0
3175681066632,Biscuits pavot citron,Gerblé,b,2,4.0,463.0,18.0,1.6,62.0,16.0,7.6,9.4,0.2,15.55
6111242101050,LBEN CARTON PASTEURISER,Jaouda,b,-4,,45.0,1.3,0.9,4.8,0.0,0.0,3.2,0.0,0.0
3175681851863,Biscuits Soja Figue,Gerblé,b,2,4.0,457.0,19.0,1.9,56.0,15.0,6.9,12.0,0.02,15.45
6111252421575,Aquafina 50cl,Aquafina,b,0,1.0,1.0,0.1,0.1,0.1,0.1,0.0,0.1,0.1,
4056489007180,pain de mie grandes tranches spécial sandwich complet,Maître Jean Pierre,b,2,4.0,258.666666666667,4.5,0.5,43.0,5.0,6.3,8.3,1.0,4.5
06153153,Tartines craquantes quinoa - pois chiche sans gluten,Jardin Bio étic,b,1,3.0,378.0,1.6,0.5,79.0,0.6,4.7,9.6,0.5,0.0
3175681105423,Cookie cacao pépites Sans Sucre,Gerblé,b,1,4.0,414.0,18.0,3.3,61.0,0.0,8.9,8.0,0.21,10.55
6111099000247,Hule D'olive,زيت الزيتون واد سوس,b,-5,,822.0,90.0,13.0,0.0,0.0,66.0,0.0,0.0,0.0
6111099000254,Huile d'olive,oued souss,b,-1,2.0,900.0,92.0,12.0,0.0,0.0,0.0,0.0,0.0,100.0
7613035676497,"Chicorée & Café, RICORÉ® L'Original, Boîte de 260g","Nestlé, Ricore",b,0,4.0,,,,,,,,,
5411188103387,ALPRO vanille,alpro,b,1,4.0,66.0,2.2,0.4,7.5,7.5,0.9,3.7,0.2,10.1
3225350000501,Pulco à diluer citron,Pulco,b,0,1.0,,,,,,,,,
3228857001194,Beau & bon Céréales & graines,Harrys,b,1,4.0,286.0,6.5,0.7,42.0,3.5,6.0,12.0,1.0,
6111250470742,Lait U.H.T entier,Dost,b,-1,1.0,58.0,3.0,0.0,4.8,0.0,0.0,3.0,0.0,0.0
3175681209282,Goûter 4S Saveur pommes,Gerblé,b,1,4.0,456.0,17.0,1.4,65.0,8.9,6.5,7.6,0.05,10.9
3760049798029,Tartines Bio quinoa & graines 450g,La Boulangère Bio,b,2,4.0,314.0,11.0,0.9,42.0,5.0,5.3,9.1,1.0,0.0
4056489346357,"Boisson à l'amande, sans sucres",Vemondo,b,1,4.0,14.0,1.2,0.1,0.0,0.0,,0.5,0.13,2.3
3760049796384,Tartines céréales & graines 450g,"La Boulangère, La boulangere",b,1,4.0,298.0,10.0,1.0,39.0,2.9,5.8,10.0,1.1,16.3166666666667
6111126003821,Lait Frais 15 jours,Chergui,b,2,1.0,59.0,3.0,1.61603973303024,4.9,4.75115681510889,,3.1,0.0861887857616126,0.0
6111032002925,Danone nature,Danone,b,2,,66.2,3.0,2.0,6.7,6.7,,3.0,0.34125,0.0
3760049795479,Pain de mie grandes tranches Toastiligne céréales & graines 500g,Boulangère,b,1,4.0,247.395833333333,2.9,0.4,42.0,3.8,5.9,11.0,1.0,0.0
3228857002351,Pain de mie american sandwich complet sans sucres ajoutés maxi 900g,"Harry's, Harrys",b,1,4.0,280.0,6.8,0.5,43.0,3.6,8.1,7.7,1.1,2.74462890624999
6111214004747,Pipas,chipsy d'or,b,-5,3.0,520.0,29.0,3.36,38.9,1.65,2.7,24.6,0.059,0.0
6111032000631,Salim,,b,0,,58.0,2.0,2.0,4.8,0.0,0.0,3.0,0.0,0.0
3175681037854,Tartines craquantes sarrasin,Céréal Bio,b,1,3.0,370.0,1.7,0.4,75.0,1.5,3.5,12.0,0.48,0.0
6111266962651,lait,Jaouda,b,-4,1.0,191.0,1.5,1.1,,0.0,,3.0,0.0,0.0
6111246950845,,Jibal,b,2,,55.0,3.0,2.0,,4.0,,3.0,0.1,0.0
3182180001477,Grilletine au froment sans sucres ajoutés,brioche pasquier,b,1,4.0,425.0,9.6,2.0,68.0,1.7,7.4,13.0,0.89,
3168930009795,Muesli Croustillant Noix de pécan & noix du Brésil,"PEPSICO FRANCE, Quaker",b,1,4.0,420.0,11.0,1.8,62.0,13.0,13.0,11.0,0.24,4.5
6111250012416,Le bon lait,Albane,b,-3,1.0,46.0,1.5,1.0,4.9,0.0,,3.0,0.0,
7613035449626,NESTLE CHOCAPIC Céréales 645g,"Nestlé, Chocapic",b,2,4.0,384.0,4.4,1.1,73.8,19.9,7.7,8.5,0.2,
3175681257566,Gingembre saveur citron,Gerblé,b,2,3.0,446.0,15.0,1.3,66.0,17.0,7.5,8.0,0.17,0.18
4056489039518,Petit Pains Grillés Blé complet,Maître Jean Pierre,b,2,4.0,450.0,10.0,0.9,66.0,4.2,6.9,10.0,1.0,5.83333333333333
3175681028111,Les Galettes Boulgour & Quinoa - Tomate & Paprika,Céréal BIO,b,2,4.0,171.818181818182,5.4,0.6,25.0,3.8,5.0,7.5,0.95,26.0
5025125000006,White Ciabattin,Jason's Sourdough,b,2,3.0,230.0,0.8,0.1,44.1,2.4,2.9,10.1,0.92,0.0
4056489235798,Pain de mie grandes tranches 7 cereales,Maître Jean Pierre,b,1,4.0,290.666666666667,9.4,1.0,38.5,3.4,5.0,10.4,1.0,5.98125
6111024004746,Huile d'olive vierge de Maroc,ALHORRA,b,2,2.0,900.0,100.0,17.0,0.0,0.0,,0.0,0.0,100.0
5411188116592,Coconut,alpro,b,2,4.0,20.0,1.0,0.9,2.7,1.9,0.1,0.1,0.1175,5.3
3175681028098,Galettes boulghour & épeautre,Céréal Bio,b,2,4.0,186.0,5.2,0.6,25.0,3.8,6.2,5.0,0.95,31.7
3248340054063,Lait demi-écrémé UHT,C\'est qui le patron,b,-1,1.0,47.0,1.6,1.0,4.8,4.8,0.0,3.3,0.09,0.0
6111242105638,Lait sans lactose,Jaouda,b,0,1.0,58.0,3.0,1.3,4.7,0.0,,3.0,0.0,0.0
3329770051072,petit yoplait,"Petit yoplait std, Yoplait",b,1,3.0,87.0,3.8,2.5,4.1,4.1,0.1,9.0,0.075,0.0
20171841,Roggen Vollkorn-Knäckebr,Tastino,b,2,3.0,373.333333333333,1.5,0.3,60.0,2.5,16.0,8.3,1.3,0.0
8410111211202,Atun,"BOLTON FOOD S.L., Isabel",b,1,,198.0,10.0,1.5,0.0,0.0,0.0,27.0,1.2,0.0
6111242104556,Leben,Jaouda,b,1,,53.7,2.5,1.7,5.1,4.8,0.0,3.0,0.0,0.0
7613032655495,"Chicorée & Café, RICORÉ® L'Original, Boîte de 260g","Nestlé, Ricore, Ricoré",b,0,4.0,,,,,,,,,
3083680613576,Lentilles préparées 1/2,Cassegrain,b,1,4.0,94.1682600382408,0.5,0.1,14.0,0.5,3.1,6.6,0.76,
3229820797861,Croustillant 3 noix,Bjorg,b,1,4.0,486.666666666667,17.0,2.1,56.0,14.0,9.9,11.0,0.02,9.9
5060088707685,Barres de fruits secs & noix Myrtilles,nākd,b,2,4.0,131.0,3.9,0.6,20.0,17.0,3.3,2.3,0.01,
6111126001988,Leben BELDI,Chergui,b,-1,1.0,48.0,1.8,0.013,5.0,3.4,,3.0,0.13,0.0
3175681261372,Cacao céréales,Gerblé,b,1,4.0,455.0,17.0,2.2,62.0,14.0,7.5,9.8,0.18,14.53
3770016162036,Nuggets Végétaux et Gourmands,HappyVore,b,2,4.0,252.0,14.0,1.3,20.0,0.8,6.8,9.0,1.2,4.6
5010029229110,Crispy Minis Choco,"Weetabix, Weetabix Limited",b,1,4.0,386.0,5.1,2.3,70.0,17.0,10.0,10.0,0.16,0.0
3175681170872,"Lentilles cuisinées, riz & soja",Céréal Bio,b,-3,3.0,153.0,6.4,1.1,13.0,1.6,8.9,6.4,0.72,50.0
8002470023727,Huile d'olive vierge extra Bio Classico,Carapelli,b,0,2.0,821.0,91.0,14.0,0.0,0.0,,0.0,0.0,100.0
3175681026766,Crousti Miel Sésame,Gerblé,b,2,4.0,441.0,16.0,1.5,60.0,16.0,12.0,8.2,0.17,20.91
3229820801087,Avoine sans sucres,Bjorg,b,2,3.0,29.0,0.9,0.2,4.5,0.5,,0.8,0.0875,0.0
6111126005894,Kéfir Nature,Chergui,b,2,,44.0,1.7,1.19,4.5,4.2,0.0,2.7,0.1275,0.0
3229820794624,Galettes riz complet Bio,Bjorg,b,1,3.0,379.0,3.2,0.7,77.0,0.6,3.6,8.7,0.245,0.0
7613032779566,chocapic,"Nestlé, Chocapic",b,2,4.0,384.0,4.4,1.1,73.8,19.9,7.7,8.5,0.2,
3175681290297,Cookie Chocolat saveur noisette Sans sucres,Gerblé,b,2,4.0,445.0,20.0,3.6,64.0,0.0,6.0,8.0,0.1775,10.27
6111242107366,Press Up moyen,Jaouda,b,2,4.0,33.1,0.0,0.0,7.6,3.0,0.2,0.3,0.0,59.9
5411188115472,Soyamilch,alpro,b,-1,4.0,39.0,1.8,0.3,2.5,2.5,0.5,3.0,0.09,8.0
6111024002186,Wilor,Wilor,b,-1,,900.0,100.0,12.6,0.0,0.0,0.0,0.0,0.0,0.0
5010477365316,Oh my crisp ! - Noix,JORDANS,b,2,4.0,440.0,20.0,3.7,47.0,9.5,18.0,9.0,0.03,30.8390299479167
5449000135544,Ciel 50cl,Ciel,b,0,,0.0,0.0,0.0,0.0,0.0,0.0,0.0,0.013,
3480341000704,Carré Frais 0% Ail & Fines Herbes,Elle & Vire,b,1,4.0,85.0,0.3,0.2,4.5,2.9,,16.0,1.3,3.9
3165440008935,Céréales Méditerranéennes,Tipiak,b,2,4.0,,,,,,,,,
6111021090049,Concentré de tomates Aicha,Aicha,b,1,3.0,117.0,0.4,0.0,23.7,9.0,3.0,4.6,1.0,284.0
3175681132467,Les galettes orge et boulgour au chèvre miel,Céréal BIO,b,2,3.0,219.0,9.0,1.7,26.0,3.4,6.3,5.4,0.96,8.49
3029330004240,Fines Tartines farine de Seigle,Jacquet,b,1,4.0,224.0,1.6,0.3,41.0,3.8,8.7,7.1,1.2,0.53
06175634,Tartines craquantes à la châtaigne,"Ekibio, Le Pain des Fleurs",b,2,,381.0,1.8,0.5,83.0,6.5,4.3,6.7,0.3,0.0
5025125000112,Proper Sourdough,Jason's,b,1,3.0,237.777777777778,0.7,0.1,46.4,2.1,3.0,9.7,0.8,0.0
3265474000018,Huile Isio 4,Lesieur,b,2,2.0,900.0,100.0,9.0,0.0,0.0,0.0,0.0,0.0,47.0
3329770076471,Calin Extra,Yoplait,b,2,1.0,82.0,3.2,2.2,6.6,6.6,,5.7,0.13,0.0
6111266963283,,"COPAG, Jaouda",b,1,,78.5,3.3,2.4,8.0,0.0,,4.2,0.0,0.0
6111250472708,Jben AKNAZ,Aknaz,b,2,4.0,241.0,21.0,0.0,7.0,0.0,0.0,6.0,0.5,0.0
3175681116863,Sablé sésame saveur vanille,Gerblé,b,1,4.0,442.0,18.0,1.7,66.0,0.0,5.4,8.1,0.32,17.2
6111032000624,Lait naturel,Salim,b,0,1.0,58.0,3.0,2.0,4.8,0.0,0.0,3.0,0.0,
3770018078144,La Vie Jambon Végétal,LA VIE,b,2,4.0,115.0,2.1,0.8,3.7,0.7,2.8,19.0,1.6725,0.0
3033710065967,NESQUIK Cacao,"Nestlé, Nesquik",b,2,4.0,,,,,,,,,
6111032010128,Danone (zéro sucre ajouté zéro matière grasse),Danone,b,-4,,48.0,0.2,0.0,8.14,0.0,,3.4,0.0,0.0
3175681302679,Amande,Gerblé,b,1,4.0,471.0,19.0,1.6,61.0,17.0,8.0,10.0,0.18,21.75
8410111000707,Atún con tomate,Isabel,b,1,4.0,155.0,8.5,1.5,2.7,2.0,0.4,17.0,1.175,12.5
6111242107441,lait sans lactose,Jaouda,b,0,1.0,58.2,3.0,1.3,4.7,0.0,,3.0,0.0,0.0
8008698005576,MAESTRO CLASSIC - Pain de mie tranché nature,Schär,b,1,4.0,232.0,3.6,0.4,44.0,3.2,8.0,3.6,0.98,0.0
6111242100022,Leben JAOUDA,Jaouda,b,-4,1.0,43.7,1.3,0.9,4.8,0.0,0.0,3.2,0.0,0.0
3302740059193,Blanc de Poulet,Fleury Michon,b,1,4.0,101.577437858508,1.6,0.4,0.5,0.5,,21.0,1.475,0.84
20004132,Chopped Tomatoes,"Freshona, Baresa",b,1,1.0,26.0,0.2,0.1,4.0,2.7,1.1,1.3,1.3,99.9
3029330069898,Tartines p’tit dej,Jacquet,b,1,,270.0,4.3,0.5,44.0,5.3,6.2,10.0,1.0,0.0
3330720244017,Confiture fraise sans sucre ajoutes,Lucien Georgelin,b,1,4.0,89.0,0.5,0.01,21.7,21.7,8.9,0.6,0.02,52.45
3560070910366,Huile d\'olive vierge extra,Carrefour BIO,b,0,2.0,823.0,91.0,13.0,0.0,0.0,,0.0,0.0,100.0
6111242882263,,Silda,b,-6,4.0,45.0,1.5,1.0,4.8,0.0,,3.2,0.0,59.9
6111265800497,Albane Lait Entier UHT 1L,"Albane, MedMilk",b,0,1.0,58.0,3.0,2.0,4.9,0.0,0.0,3.0,0.0,0.0
3302740058660,Blanc de poulet 100% filet,Fleury Michon,b,1,4.0,116.666666666667,1.6,0.4,0.5,0.5,,21.0,1.5,1.68
3229820019604,Soja nature sans sucre ajouté bio,Bjorg,b,-4,4.0,43.0,2.6,0.6,0.7,0.5,0.5,3.9,0.03,8.0
3033710003228,RICORÉ® aux céréales et à la chicorée solubles Boîte 250g,"Nestlé, Caro, Ricore",b,1,1.0,,,,,,,,,
7613035694958,Carré gourmand Tomates et mozzarella,"Garden Gourmet, Garden gourmet",b,2,4.0,194.0,8.5,1.8,17.9,3.2,3.2,9.8,0.86,
3560071010058,Le pain aux Céréales,Carrefour Original,b,1,4.0,253.0,6.9,0.8,36.0,2.3,6.9,8.2,1.2,0.0
20002183,Fiocchi di latte,Milbona,b,1,3.0,98.0,4.5,3.0,2.8,2.8,0.0,11.5,0.6,0.0
6111032009924,SALIM LBEN 440G,,b,0,4.0,39.5,0.7,0.5,5.9,0.0,,2.3,0.2375,0.0
3560070879762,Le pain au Seigle,Original,b,2,4.0,214.0,1.2,0.3,42.0,3.4,6.3,7.1,1.2,0.0
3178050000749,Huile d’olive vierge extra,Puget,b,0,2.0,900.0,100.0,15.0,0.0,0.0,,0.0,0.0,100.0
3175681037885,Tartines Craquantes Multi-Céréales,Céréal BIO,b,1,3.0,370.0,2.3,0.3,78.0,2.8,2.5,9.9,0.32,0.0
3571492210019,la Brandade à la Morue,Briau,b,2,4.0,158.0,10.0,1.3,7.7,0.8,,8.2,0.66,3.065
3770008009882,Les Fourrées  -  Beurre de Cacahuète & Cacao,Funkie,b,2,3.0,438.0,17.0,3.0,58.0,13.0,6.0,13.0,0.13,31.0
6111246721339,Ftoury Fromage Blanc,le berger,b,1,4.0,225.0,21.0,0.0,4.0,0.0,0.0,6.0,0.4,0.0
3564706604360,Muesli Chocolat-Noisette,Grainea,b,1,4.0,446.0,17.0,3.2,59.0,8.7,11.0,9.9,0.01,4.0
6111024004753,Huille,horra,b,2,,900.0,100.0,16.8,0.0,0.0,,0.0,0.0,0.0
6410500090014,Knäckebrot mit Roggensauerteig,Finn Crisp,b,1,3.0,350.0,2.6,0.5,61.0,1.6,20.0,10.0,1.4,0.0
3272770015516,Tartare végétal ail & fines herbes,"Savencia, Tartare",b,1,4.0,225.0,19.0,1.7,7.4,1.1,4.0,4.6,0.0025,37.6
3302740057502,Filet de poulet 🐔 rôti,Fleury Michon,b,1,4.0,112.0,2.0,0.6,0.5,0.5,,23.0,1.475,14.59
3154230800965,HERTA Blanc Poulet Nature conservation sans nitrite x4 -140g,Herta,b,1,4.0,105.6,2.0,0.7,0.9,0.0,0.0,21.0,1.5,0.0394775390625001
3175681170841,"Ravioli au tofu, tomates, basilic",Céréales bio,b,2,3.0,111.0,3.1,0.4,15.0,2.9,3.8,3.8,0.74,25.75
6111126005580,Chergui Lait,Chergui,b,-4,1.0,45.5,1.5,1.0,4.9,0.0,0.0,3.1,0.1,0.0
6111263000202,filets de maquereaux à l'huile végétale,delfy,b,2,3.0,180.1,15.6,1.5,0.6,0.0,0.0,30.1,1.25,0.0
3229820019208,Pain complet seigle,Bjorg,b,2,3.0,198.0,1.3,0.2,37.0,4.0,10.0,4.6,1.1,0.0
6111035002052,Bul'tropicale,"Les Eaux Minérales d'Oulmès, Oulmès",b,2,4.0,44.0,0.0,0.0,11.8,8.9,,0.0,0.0,19.725
3270190025337,Lait demi-écrémé Stérilisé UHT,"Carrefour BIO, Carrefour",b,-1,1.0,47.0,1.6,1.0,4.8,4.8,0.0,3.3,0.1,0.0
3019081241216,Filets de maquereaux vin blanc & aromates,Petit Navire,b,2,3.0,155.0,11.0,3.0,0.8,0.6,,13.0,1.0,14.5
3176571983008,Viva lait 1/2 écrémé,candia,b,-1,1.0,41.0,1.0,0.6,4.8,4.8,,3.3,0.1,0.0
3184670001080,faisselle,RIANS,b,2,3.0,76.0,4.5,2.9,4.5,4.5,0.0,4.3,0.1,0.0
6111099000582,Lio huile de table,lio,b,0,,900.0,100.0,14.0,0.0,0.0,,0.0,0.0,0.0
6191509900671,EXTRA VIRGIN OLIVE OIL,TERRA DELYSSA,b,2,2.0,821.0,91.0,19.0,0.0,0.0,0.0,0.0,0.0,100.0
3023290030547,Skyr framboise,siggi's,b,1,3.0,87.8571428571429,1.9,1.4,8.9,8.4,,8.9,0.1,11.75
8008698011065,MAESTRO VITAL - Pain aux graines tranché,"Schär, Dr. Schaer SpA",b,2,4.0,262.0,9.2,1.1,36.0,0.9,8.8,4.5,1.0,0.0
3292070001576,Houmous sésame,Blini,b,2,3.0,271.0,22.2,1.9,8.4,0.7,7.4,5.8,1.19,69.0714285714286
6191509900855,Organic Extra Virgin Olive Oil,TERRA DELYSSA,b,2,2.0,821.0,91.2,19.3,0.0,0.0,0.0,0.0,0.0,100.0
3428273980046,Lait 100 % français Matin Léger® Demi-Écrémé,Lactel,b,-1,,43.0,1.2,0.8,4.8,4.8,,3.3,0.1075,0.0
8480000609632,Queso fresco cottage,Hacendado,b,2,3.0,93.0,4.0,2.6,1.6,1.6,0.0,13.0,0.82,0.0
4056489141877,Huile d'olive vierge extra,Primadonna,b,-1,2.0,820.0,91.1,12.7,0.0,0.0,0.0,0.0,0.0,100.0
6111266962774,Leben,"Jaouda, jaouda",b,-3,1.0,52.8,2.4,1.7,4.7,0.0,,3.1,0.0,0.0
8005510001525,Gran fruttato 100% italienne,Monini,b,0,2.0,828.0,92.0,14.0,0.0,0.0,0.0,0.0,0.0,92.31
3599741006312,Epinards hachés à la crème fraîche,Findus,b,1,3.0,78.0,4.4,2.8,5.3,1.4,1.7,3.5,0.6,71.0
20019907,Succo di limone,Italiamo,b,-3,1.0,28.0,0.5,0.1,2.2,2.2,0.5,0.4,0.01,99.88
06110273,Tartines craquantes Sarrasin,Terres et Céréales bio,b,2,3.0,373.0,2.8,0.6,73.0,3.6,3.8,12.0,0.5,0.0
3175681297098,Matin Miel,Gerblé,b,1,4.0,445.0,15.0,1.4,64.0,14.0,8.6,9.3,0.0,11.3
3560070845408,Yaourt nature au lait entier,"Carrefour, carrefour",b,2,3.0,63.0,3.4,2.1,4.1,4.1,,3.9,0.1625,0.0
7300400483063,Wasa tartine croustillante sensation aux graines de chia & touche de sel 245g,wasa,b,-3,3.0,339.0,3.0,0.4,58.0,0.5,20.0,10.0,1.2,0.0
3083681001808,Haricots Coco cuisinés aux Tomates,Cassegrain,b,-5,4.0,77.0,0.3,0.0,11.0,1.4,4.2,4.7,0.78,
3599741003380,Colin d'Alaska MSC façon Fish & Chips,Findus,b,1,4.0,207.0,9.5,0.7,19.0,0.5,0.6,11.0,0.7275,7.5
8480000171320,Tomate frito,Hacendado,b,2,3.0,81.0,3.0,0.4,11.6,7.2,0.0,1.4,1.0,89.0
3023290030608,Skyr vanille,Siggi's,b,1,4.0,85.7142857142857,1.92857142857143,1.42857142857143,8.42857142857143,7.71428571428571,,8.71428571428571,0.1,2.46
3329770051096,Petit Yoplait,"Petit yoplait std, Yoplait",b,1,3.0,87.0,3.8,2.5,4.1,4.1,0.1,9.0,0.1,0.0
20266387,Fromage blanc nature,ENVIA,b,2,3.0,80.0,3.3,2.2,5.6,5.6,,6.9,0.275,0.0
3263670115819,Sardines à l’huile d’olive,Connétable,b,2,3.0,223.0,15.0,3.3,0.0,0.0,0.0,22.0,1.0,12.75
6111243590433,Lait frais pasteurisé,Colaimo,b,-1,1.0,59.0,1.5,0.0,4.8,0.0,0.0,3.0,0.0,0.0
5411188137993,Danone ALPRO® Joghurt Soja Heidelbeere 400g,"alpro, Danone Belux nv",b,1,4.0,69.0,2.2,0.4,8.2,7.9,1.0,3.7,0.15,19.5
3330720244000,Confiture abricot,Lucien Georgelin,b,1,4.0,105.0,0.5,0.01,25.6,25.6,11.2,0.8,0.025,67.0
3456300002508,jus de citron,Jardin Bio étic,b,-3,1.0,31.0,0.8,0.2,1.7,1.7,0.0,0.0,0.0,100.0
3019089043584,Filets de maquereaux nature,Petit Navire,b,2,3.0,206.0,14.0,3.6,0.0,0.0,0.0,20.0,0.9,0.0
5411188128311,Coco Sans Sucres,alpro,b,2,4.0,14.0,1.2,1.1,0.0,0.0,0.0,0.1,0.07,14.1
3229820797922,Coco sans sucres,Bjorg,b,2,4.0,18.0,1.4,1.3,0.8,0.5,,0.6,0.11,4.0
3760049797909,Pain de mie Bio petites tranches complet & levain sans sucres ajoutés 280g,"La Boulangère Bio, La boulangere",b,2,4.0,261.0,4.6,0.4,42.0,4.1,5.9,10.0,1.1,0.0
3265474573000,Fleur de Colza,Lesieur,b,2,2.0,900.0,100.0,7.2,0.0,0.0,0.0,0.0,0.0,100.0
8480000239266,Bebida de almendra 0% azúcares,"Hacendado, MERCADONA",b,1,4.0,16.0,1.5,0.3,0.0,0.0,0.0,0.5,0.08,3.0
3019081241230,Filets de maquereaux,Petit Navire,b,1,4.0,154.0,11.0,3.0,0.8,0.0,0.0,13.0,0.8,5.35576923076922
3166353931402,Cabillaud sauce Citron riz aux petits légumes,Marie,b,2,3.0,141.0,5.9,1.5,130.0,0.7,0.8,8.6,0.67,
3259011799909,Galettes millet et boulghour aux champignons,Céréal Bio,b,2,4.0,189.0,5.2,0.6,26.0,3.7,5.3,6.8,1.0,27.75
3560071014094,Amande Sans sucres,Carrefour BIO,b,2,4.0,26.0,1.7,0.2,1.7,0.5,0.5,0.7,0.1,2.8
5411188115496,Soja Milch,alpro,b,-5,4.0,33.0,1.9,0.3,0.0,0.0,0.6,3.3,0.09,8.7
3564700005552,Lait demi-écrémé,Délisse,b,-1,1.0,47.0,1.6,1.0,4.8,4.8,0.5,3.3,0.1,0.0
3023290030585,Skyr myrtille,Siggi's,b,1,3.0,90.0,2.0,1.4,9.0,8.4,,9.0,0.1,11.25
3302740021244,Aiguillettes de poulet rôti,Fleury Michon,b,1,4.0,118.0,1.5,0.2,2.0,2.0,,24.0,1.5,12.38
3175681259089,"céréales et légumes, façon pad thaï, bio",Céréal BIO,b,1,3.0,122.0,4.5,0.5,12.0,1.1,5.1,5.8,0.98,31.38
20474478,Peanut Butter,Mcennedy,b,-4,4.0,653.0,55.6,7.6,12.0,5.1,5.9,23.1,0.6,85.0
8480000142429,Trigo espelta 0% azucares,Hacendado,b,2,4.0,422.0,16.0,1.3,64.0,2.0,8.0,9.0,0.9,0.0
5013665100065,Organic Lightly Salted Wholegrain Low Fat Rice Cakes,kallø,b,2,3.0,1900.0,2.7,0.7,82.3,0.5,0.0,8.5,0.295,0.0
20006174,Tartines craquantes Froment,Rivercote,b,2,3.0,370.0,2.5,0.5,73.0,3.2,5.7,11.0,1.13,0.0
3033491147067,Activia bifidus nature 125g x 4,"Activia, Danone, Activia yoghurt nature",b,2,1.0,62.0,3.4,2.2,4.4,4.4,,3.4,0.12,0.0
3155253020644,Kéfir,LACTEL,b,0,1.0,42.0,1.5,1.1,3.8,3.6,,3.3,0.1,0.0
8710637105352,Wraps au blé nature,Mission,b,2,4.0,314.0,7.0,0.8,54.0,1.1,4.3,8.0,0.98,0.0
3564707117203,Lait Amande calcium,"Bio Village, Marque Repère",b,2,4.0,26.0,1.7,0.2,1.7,0.5,0.5,0.7,0.1,4.2
5025125000150,Everyday White Rolls,Jason's,b,2,3.0,245.0,0.7,0.1,48.8,3.4,1.8,10.0,0.7675,0.0
5411188114536,ALPRO aardbei,alpro,b,2,4.0,68.0,2.1,0.4,8.1,7.9,1.0,3.6,0.23,21.94
6111250474276,Lait UHT Entier,دوست,b,2,1.0,58.0,3.0,0.0,4.8,4.8,0.0,3.0,0.0,0.0
8402001014581,Bebida de avena 0% azúcar,Hacendado,b,2,4.0,35.0,1.4,0.2,4.7,0.0,0.5,0.7,0.1,0.0
3428272950057,Lait Bio Demi-Écrémé sans lactose,Lactel,b,0,1.0,46.0,1.5,1.0,4.8,4.8,,3.3,0.275,0.0
80042563,Mutti Passata,Mutti,b,2,3.0,36.0,0.5,0.1,5.1,4.5,1.5,1.6,1.25,99.5
3270190128717,SOJA Sans sucres ajoutés,"Carrefour BIO, Carrefour, Groupe Carrefour",b,-3,1.0,41.0,2.1,0.4,1.4,0.7,0.6,3.8,0.01,0.0
3456300014242,Karéléa épautre noisette,"Karéléa, Léa Nature",b,2,4.0,479.0,22.0,1.7,58.0,15.0,7.5,8.4,0.15,25.6
3770018078212,Jambon Végétal Fumé,LA VIE,b,2,4.0,116.0,2.0,0.7,4.8,0.4,1.9,19.0,1.8,0.0
20006105,Roggenvollkornbrot,Gräfschafer,b,2,3.0,234.0,2.0,0.8,52.4,8.8,20.8,6.4,1.0,0.0
3036811368029,Velouté de 12 legumes,Liebig,b,2,4.0,42.0,1.9,0.6,5.2,1.4,0.7,0.7,0.51,35.084332917866
6111246720790,Petit frais,,b,2,3.0,37.0,0.0,0.0,9.0,9.0,,0.0,0.0,0.0
3760020508371,Tartines craquantes Multicéréales,Jardin Bio étic,b,1,3.0,378.0,1.6,0.5,79.0,0.6,4.7,9.6,0.5,0.0
3487400004413,L'original,Ebly,b,-5,1.0,348.8,1.28,0.32,70.4,1.28,5.76,12.16,0.016,0.0
3166352967211,Petites gambas compotée de tomates Tagliatelles au pesto,Marie,b,2,3.0,133.0,4.9,0.8,15.0,1.9,1.0,6.8,0.74,24.86
3456300011494,Pur beurre de cacahuète crunchy,Léa Nature,b,-5,1.0,625.0,50.0,9.7,12.0,5.1,5.5,29.0,0.0,100.0
5411188102809,Heidelbeere,alpro,b,1,4.0,69.0,2.2,0.4,8.1,7.9,1.0,3.7,0.16,0.0
4056489166856,Olivenöl,Primadonna,b,0,2.0,824.0,91.6,14.3,0.0,0.0,0.0,0.0,0.0,100.0
3083680652094,Lentilles préparées,Cassegrain,b,-3,4.0,93.0,0.5,0.1,14.0,0.5,3.1,6.6,0.76,
3033710071005,"Chicorée & Café, RICORÉ® Au Lait, Boîte de 400g","Nestlé, Ricore",b,2,4.0,,,,,,,,,
8076809545440,Spaghetti senza glutine mais riso,Barilla,b,2,4.0,358.0,1.5,0.3,79.0,0.5,1.1,6.5,0.01,
3380380037382,Tartines craquantes bio à la châtaigne sans gluten,Le Pain des fleurs,b,2,3.0,381.0,1.8,0.5,83.0,6.5,4.3,6.7,0.39,0.0
20051426,,Tastino,b,1,3.0,256.0,5.5,0.5,42.0,3.5,6.5,8.8,0.9825,4.44
3175681072916,Miel Châtaigne graines de lin,Gerblé,b,1,4.0,451.0,16.0,1.2,64.0,14.0,7.6,8.9,0.08,11.6
3019081238698,Conserverie Parmentier sardines,Conserverie Parmentier,b,2,3.0,229.0,15.0,3.0,0.0,0.0,0.0,23.5,1.2,0.0
3760049794397,Pain mie sandwich bio* cereales 500g,Bien,b,2,4.0,292.0,7.7,0.8,44.0,2.1,4.7,9.3,1.0,0.0
8480000156624,Kéfir natural,Hacendado,b,-4,1.0,36.0,0.52,0.0,4.8,0.0,0.0,3.92,0.0,0.0
3564707000246,lait demi-écrémé,Bio Village,b,-1,1.0,46.0,1.5,1.0,4.8,4.8,0.0,3.3,0.11,0.0
3033491997792,Cottage cheese,Danone,b,2,3.0,87.7777777777778,3.72222222222222,2.38888888888889,1.61111111111111,1.61111111111111,,12.0,0.759722222222222,0.0
3273220530351,Yaourt nature 4 x 125 g,Vrai,b,1,3.0,50.0,1.9,1.3,4.3,4.3,,3.9,0.1,0.0
5410188032161,Gazpacho salmorejo,"Alvalle, Pepsico",b,1,3.0,75.0,4.9,0.7,6.0,2.8,1.1,1.1,0.62,
3281780893465,"Quinoa croquant, amandes et noisettes",Pierre Martinet,b,-1,3.0,217.0,10.0,0.9,22.0,4.5,4.5,7.2,0.68,64.48
4025500287955,Kalinka Kefir Fettarm Mild Pur,müller,b,-1,1.0,46.0,1.5,1.0,4.1,4.1,,3.4,0.12,0.0
8410179009391,Huile d'olive vierge extra,Tramier,b,1,2.0,900.0,100.0,16.0,0.0,0.0,0.0,0.0,0.0,100.0
3229820167398,Galettes riz sésame,Bjorg,b,1,3.0,390.0,5.6,0.8,74.0,0.6,3.9,9.2,0.275,0.0
3250390204930,Lait uht 1/2 ecreme bio bt 1l,Pâturages,b,0,1.0,46.0,1.6,1.1,4.8,4.8,0.0,3.3,0.1,0.0
3302740003868,Le couscous à la marocaine,Fleury Michon,b,2,4.0,143.0,7.1,1.8,11.0,2.8,1.3,8.2,0.72,33.4901557239057
3421557604089,Tartines craquantes au sarrasin,Terres et céréales Bio,b,2,3.0,373.0,2.8,0.6,73.0,3.6,3.8,12.0,0.5,0.0
3229820181899,Quinoa Tomates Olives,Bjorg,b,2,3.0,146.0,3.5,0.5,22.0,2.5,3.0,5.0,0.8,12.7483333333333
3166359678103,Paupiette de veau jardinière de légumes,Marie,b,2,3.0,121.0,5.5,1.6,8.6,1.9,2.3,8.2,0.6,
3270160697861,Paëlla à la Valenciana,Picard,b,2,4.0,140.0,5.1,1.2,15.0,1.5,1.6,7.6,0.71,16.0
5010477365378,Céréales oh my crips fruit,JORDANS,b,1,4.0,427.0,18.0,3.5,49.0,9.8,18.0,8.5,0.05,43.8370535714286
3760341070472,Taureau Ailé - Le Basmati du Penjab,Taureau Ailé,b,0,1.0,353.0,0.8,0.2,78.0,0.2,0.9,8.1,0.01,0.0
3175681152137,Quinoa au naturel,Céréal BIO,b,-1,3.0,156.0,4.6,0.6,21.0,0.9,6.0,4.2,0.59,0.0
3292070006571,Houmous extra citron confit & coriandre,L'atelier Blini,b,2,4.0,306.0,24.7,2.6,9.5,3.8,7.0,7.8,0.97,67.8
5411188130055,"Alpro Sojadrink, Schokoladen-Geschmack, Protein 1L",alpro,b,2,4.0,69.0,2.8,0.6,5.3,5.0,1.3,5.0,0.16,12.0
3478820023641,Sauce tomate Basilic Jardin BIO,"Jardin Bio étic, Jardin biologique, Léa Nature",b,1,3.0,52.0,1.7,0.4,6.2,6.1,2.6,1.6,1.17,113.29
3229820797366,Bjorg Buscuit Avoine Citron Graines de chia,Bjorg,b,2,4.0,446.0,16.0,1.7,62.0,13.0,8.5,9.4,0.39,9.8
8076809545457,Penne Rigate Senza Glutine,Barilla,b,2,4.0,358.0,1.5,0.3,79.0,0.4,1.1,6.5,0.004,0.0
8480000805317,Tortillas de avena 51%,Hacendado,b,1,4.0,286.666666666667,6.0,1.9,40.0,1.9,5.4,15.0,1.3,0.0
6111242105676,LADID,Jaouda,b,2,,95.0,1.4,0.5,17.5,9.4,,3.2,0.0,
8595229900504,Müsli oat biscuits,Emco,b,2,4.0,,,,,,,,,9.2
3036811460259,Velouté de légumes,Liebig,b,2,3.0,30.0,1.4,0.8,2.8,1.4,1.6,0.7,0.64,45.9
3168930158158,Cruesli miel et noisettes,"Cruesli, QUAKER",b,2,4.0,460.0,18.0,1.8,63.0,15.0,9.4,7.5,0.06,5.0
8712100872273,Maille Moutarde Fine de Dijon Verrine 165g,Maille,b,2,3.0,14.0,1.0,0.1,0.5,0.5,0.5,0.8,0.49,0.0
4056489608264,Huile d'olive bio,PRIMADONNA,b,0,2.0,828.0,92.0,14.0,0.0,0.0,,0.0,0.0,100.0
40893532,Cashew Nuts XXL,Alesto Selection,b,-4,1.0,600.0,47.6,9.0,19.8,6.5,5.2,20.5,0.02,100.0
3760020508593,lentilles vertes de France,Jardin Bio étic,b,-2,3.0,128.0,1.7,0.2,17.0,1.2,5.6,8.3,0.7,32.7
3033491974175,Skyr à Boire Goût Vanille,Danone,b,2,4.0,60.0,0.2,0.2,8.6,8.5,,6.0,0.17,0.385416666666671
3083681117011,Poêlée Méditerranéenne 750g,Bonduelle,b,2,4.0,77.0,2.7,0.4,10.0,3.5,2.5,2.0,0.62,
5411188139126,Natural con Coco,"alpro, Danone Belux nv",b,1,4.0,54.0,3.0,1.1,2.4,2.1,0.8,3.9,0.32,17.5
3487400000392,Blé tendre cuisson 10 min Ebly 500 g,Ebly,b,1,,,,,,,,,,
8410376042498,Galletas Desayuno Zero Sin Azúcares,Gullón,b,2,4.0,410.0,14.0,1.3,65.0,1.4,9.8,6.8,0.65,0.0
3036811367008,Mouliné de Légumes verts Verts,Liebig,b,2,3.0,29.0,0.5,0.3,4.6,0.9,1.1,1.1,0.6,37.0
3083680918497,Cassegrain - Lentilles préparées 4/4,Cassegrain,b,-3,4.0,91.0,0.5,0.1,14.0,0.5,3.1,6.6,0.76,
3560071407568,"Muesli 35 fruits, noix et graines","Carrefour BIO, Carrefour",b,2,3.0,380.0,8.3,2.8,63.0,17.0,8.9,8.8,0.02,
6111126005696,Proteines Mangue,CHERGUI,b,1,4.0,59.0,0.7,0.3,5.5,4.9,0.0,8.0,0.12,0.0
3017800509937,Curry de pois chiches aux épices douces d'aucy 380g,"D'aucy, d'aucy",b,2,3.0,,,,,,,,,
7613034227775,"Chicorée & Café, RICORÉ® L'Original, Recharge de 180g","Nestlé, Ricore, ricoree",b,0,4.0,,,,,,,,,
3175681157774,"Blé, riz rouge, quinoa",Céréal Bio,b,2,3.0,159.0,2.9,0.4,26.0,0.0,4.8,4.9,0.83,0.0
3263670126419,sardines sans aretes huile d\'olive,connetable,b,1,3.0,208.163265306122,12.0,2.9,0.0,0.0,,24.0,0.9,1.93
3252210390014,Lait vit d,Lactel,b,-1,1.0,46.0,1.5,1.0,4.8,4.8,,3.3,0.11,0.0
0013764027138,Thin-sliced 21 Whole Grains And Seeds Organic Bread,Dave’s Killer Bread,b,2,4.0,214.285714285714,3.57,0.0,46.4,10.7,7.14,10.7,0.9375,0.61
5411188122661,"Alpro Mandeldrink Weiß Ungesüßt, Ungeröstet 1 LT",alpro,b,1,4.0,13.0,1.1,0.1,0.0,0.0,0.2,0.5,0.14,2.3
3273220080108,soja nature sans sucre,Sojasun,b,-4,1.0,43.0,2.6,0.5,0.5,0.5,,4.7,0.0775,0.0
3250390010364,"Fromage blanc 3,2% de matière grasse",Pâturages,b,1,3.0,59.0,3.2,2.1,4.3,4.3,0.5,7.2,0.13,0.0
3564707095723,Boisson au soja nature bio,"Bio Village, Marque Repère",b,-3,1.0,37.0,1.8,0.4,1.1,0.7,0.7,3.7,0.01,8.0
3029330068518,Pavé complet 350g,Jacquet,b,2,4.0,265.0,2.7,0.4,47.0,4.2,6.3,10.0,1.2,2.5
3564707186315,Muesli croustillant 3 noix,"Bio Village, Marque Repère",b,1,3.0,446.0,15.0,1.8,64.0,17.0,7.6,11.0,0.01,9.9
40122274,Cornichons aigres-doux Recette Paysanne,Kûhne,b,2,4.0,30.0,0.2,0.1,4.9,4.7,,0.9,1.3,88.9418254764293
3265471024086,Cœur de Tournesol,Lesieur,b,2,2.0,900.0,100.0,8.5,0.0,0.0,,0.0,0.0,0.0
7610700015445,50G RICOLA CITRON MELISSE,Ricola,b,2,4.0,238.0,0.0,0.0,97.0,0.0,,0.0,0.0,0.55
5010477367112,Pop & Crisp Miel,Jordans,b,2,4.0,417.0,13.0,1.2,60.0,16.0,14.0,9.0,0.01,7.59
8410076421449,Sauce apéritif Guacamole,Old El Paso,b,2,4.0,77.0,3.2,0.6,9.5,3.0,1.5,1.7,0.85,79.72
3175680018939,Biscuit muesli avoine Gerblé,Gerblé,b,2,4.0,449.0,16.0,1.4,63.0,13.0,6.6,9.9,0.22,19.12
3175681225107,"Tendres carrés de blé aux aubergine, poivron,  basilic",Céréal bio,b,2,4.0,191.0,6.0,0.7,19.0,3.9,2.5,14.0,0.98,36.7
3229820804118,Noisette sans sucres,Bjorg,b,2,4.0,51.0,4.2,0.4,2.0,0.5,0.5,1.7,0.08,4.5
3229820793689,Soja vanille,Bjorg,b,0,4.0,50.0,2.1,0.4,3.9,3.7,1.1,3.4,0.07,7.0
0182866962187,,,b,0,1.0,45.0,1.5,1.0,4.9,4.9,,3.1,0.225,0.0
20656935,Pétillante saveur citron,SAGUARO,b,0,4.0,0.0,0.0,0.0,0.0,0.0,0.0,0.0,0.01,0.0
3229820791845,Soja cuisine semi-épais bio,Bjorg,b,2,4.0,190.0,18.0,1.7,2.9,2.3,1.4,3.3,0.18,31.7
3273220504055,Fromage blanc,Vrai,b,1,3.0,76.0,3.6,2.4,3.7,3.7,,7.2,0.1,0.0
3478820023757,Lentilles cuisinées aux petits légumes,Jardin Bio étic,b,2,3.0,76.0038240917781,0.9,0.2,9.4,0.7,3.5,5.7,0.71,42.4142790042273
6111126001582,Lait fermenté,الشرقي,b,0,1.0,48.0,1.8,0.013,5.0,3.4,,3.0,0.325,0.0
3045320083453,Pomme vanille,Andros,b,1,4.0,86.0,0.1,0.0,20.0,20.0,1.7,0.3,0.0,88.0
3168930009788,Quaker Cruesli Chocolat noisette,"Cruesli, PepsiCo, QUAKER, Quarker",b,2,4.0,459.0,18.0,3.0,63.0,13.0,8.5,7.7,0.01,2.42
8002470030923,Huile d'olive vierge extra Classico,Carapelli,b,0,2.0,821.0,91.0,13.0,0.0,0.0,,0.0,0.0,100.0
3560070792368,Croustillant Nature,"Carrefour BIO, Carrefour",b,2,3.0,447.0,13.0,1.4,69.0,16.0,8.1,8.9,0.01,0.0
3270160873555,4 Röstis de légumes et cheddar,Picard,b,2,3.0,118.0,6.2,2.7,10.0,1.9,2.4,3.9,0.4,51.54
20153229,Mais klein,Freshona,b,1,3.0,77.0,1.7,0.3,11.5,5.5,2.8,2.6,0.28,0.0
3023290063873,Skyr mangue passion,siggi's,b,1,3.0,87.8571428571429,1.92857142857143,1.42857142857143,8.78571428571429,8.28571428571429,0.0,8.92857142857143,0.0,7.48333333333334
6111203005021,margarine vital 400 g,Vital,b,-5,4.0,514.0,0.0,0.0,0.5,0.0,512.0,0.5,0.0,0.0
6111126004538,Daya Ananas Coco,Chergui,b,2,3.0,74.0,1.2,0.72,15.1,8.5,,2.4,0.08,9.53
4335619019287,Huile d'Olive Vierge Extra,Primadonna,b,0,2.0,824.0,91.6,13.7,0.0,0.0,0.0,0.0,0.0,91.41
3256222646985,Pain de mie sandwich complet grandes tranches - 14 tranches - 550g,U,b,1,4.0,262.0,5.2,0.7,42.0,5.4,7.0,8.4,1.0,4.17
3760020508883,Lentilles façon petit salé,"Jardin Bio étic, Léa nature",b,-4,4.0,135.0,2.3,0.3,17.0,0.6,7.2,8.0,0.65,41.425
6111203001474,La prairie classique,margafrique,b,0,4.0,635.0,70.0,0.0,0.7,0.0,,1.0,0.0,0.0
3600900021890,Polenta,Tipiak,b,2,1.0,355.0,1.0,0.1,79.0,0.8,2.0,6.3,0.0,0.0
8005110000775,Tomatensaus met kaas Parmigiano Reggiano,Mutti,b,2,3.0,67.0,3.6,1.2,5.2,5.0,,2.6,0.8,80.0
3564707000031,Huile d'Olive Vierge Extra,"Bio Village, Marque Repère",b,0,2.0,819.0,91.0,14.0,0.0,0.0,0.0,0.0,0.0,100.0
3760049798265,Pain Carré Doré 525g,La Boulangère,b,2,4.0,279.0,4.2,0.4,48.0,9.8,5.2,9.8,0.8,3.41666666666667
4002359650178,Vermicelles de Riz,suzi wan,b,1,1.0,133.720930232558,0.64,0.16,30.72,0.48,0.64,2.24,0.01,0.0
3228857001521,100% mie complet,Harrys,b,1,4.0,241.0,4.0,0.3,39.0,3.0,7.4,8.5,1.1,7.6484375
8480000233653,Anacardo natural,Hacendado,b,-2,1.0,613.288718929253,48.2,8.2,22.6,7.7,3.6,21.9,0.0,100.0
3422440006430,Purée de Pois Cassés,Créaline,b,1,3.0,104.0,2.4,1.2,12.0,4.0,4.7,6.5,0.63,57.2
3760049791174,Pain de mie grandes tranches Maïs & Graines 500g,La Boulangère,b,1,4.0,266.106442577031,6.9,0.8,37.0,2.1,4.1,13.0,0.94,4.3
3560070737048,Petits pains grilles,Carrefour,b,2,4.0,408.0,10.0,0.9,66.0,4.2,6.9,10.0,1.0,4.66666666666667
3263670113815,Sardines,Connétable,b,1,3.0,234.48275862069,12.0,2.9,0.0,0.0,0.0,24.0,0.9,12.725
4056489724070,Mousse Proteica Gusto Cioccolato,Milbona,b,1,4.0,86.0,2.2,1.4,5.8,4.7,1.3,10.0,0.56,0.0
6111242104549,برس اب الخوخ جودة 1لتر,Jaouda,b,2,3.0,52.0,0.1,0.1,12.0,6.0,0.7,0.4,0.1,91.94
3250391594245,Huile d'olive Bio BO 75cl,Bouton d'or,b,1,2.0,900.0,100.0,16.0,0.0,0.0,0.0,0.0,0.0,100.0
3487400006721,Riz Basmati,Ben's Original,b,-1,,141.818181818182,1.6,0.1,29.0,0.5,0.5,3.1,0.01,0.0
3229820134642,Soja cuisine fluide,"Bjorg, Bjorg Veggie",b,2,4.0,175.0,16.0,1.8,4.3,1.9,0.7,3.1,0.1,6.8
5060228323799,Heavenly Houmous,Ramona's,b,2,4.0,272.0,21.6,1.8,10.5,0.6,5.0,6.4,0.9825,84.8888888888889
6130760003769,L'ben,Soummam,b,2,1.0,40.13,1.65,1.13,3.62,3.62,0.0,2.7,0.07,0.0
3256549997302,Pains au Lait,Brioche Pasquier,b,2,4.0,341.0,11.0,1.3,48.0,7.1,7.6,8.5,0.7,15.5
3600900006972,tendres perles,Tipiak,b,-4,1.0,348.333333333333,1.5,0.3,72.0,2.8,4.2,12.0,0.01,0.0
3083680025881,Maïs SSA 1/2,Bonduelle,b,-3,3.0,73.0,1.4,0.2,11.0,5.1,3.0,2.7,0.4,
3175681259102,Teriyaki Riz façcon teriyaki légumes & gingembre,Céréal Bio,b,1,4.0,161.0,4.8,0.6,21.0,2.1,5.9,5.6,0.98,29.0
3175681302686,Matin Noisette,Gerblé,b,1,4.0,455.0,18.0,1.6,59.0,16.0,8.6,10.0,0.16,20.21
8410660098804,La Española Extra Virgin Olive Oil,La Española,b,-1,,822.0,91.0,12.0,0.0,0.0,0.0,0.0,0.0,0.0
3250390272007,Pain de mie Grand Mie complet,Chabrior,b,2,4.0,261.0,4.9,1.2,42.0,5.9,6.5,9.0,1.0,4.16
3302740484100,Le Chili Con Carne et son riz blanc,Fleury Michon,b,1,3.0,123.0,3.4,1.1,15.0,1.2,3.7,6.2,0.6,
3083681085891,Lentilles Vapeur,Bonduelle,b,-2,3.0,116.0,0.4,0.1,16.0,0.5,6.8,8.7,0.48,
8410179012230,Huile d\'olive vierge extra bio,Tramier,b,1,2.0,900.0,100.0,16.0,0.0,0.0,0.0,0.0,0.0,100.0
3250390010012,Lait uht 1/2 ecreme bq 1l,Paturages,b,-1,1.0,47.8,1.6,1.0,4.8,4.8,0.5,3.3,0.09,0.0
3038352876506,Tomapizza,Panzani,b,1,3.0,47.0,1.4,0.2,6.5,4.8,1.2,1.5,1.1,134.77
6130433000019,حليب كونديا 1 لتر,Candia,b,-3,3.0,45.0,1.5,1.0,4.5,0.0,0.0,3.0,0.1,0.0
8076809513715,Sauce tomate aux olives,"Barilla, Kalkof",b,1,4.0,77.0,4.5,0.5,6.2,4.8,2.1,1.9,1.05,
3242272270157,Sodebo pastabox 330g fusilli a la bolognaise,Sodebo,b,2,4.0,,,,,,,,,
3380380068539,Tartines bio craquantes multi-céréales sans gluten,"Le pain des fleurs, ekibio",b,2,3.0,371.0,2.9,0.6,75.0,1.0,3.0,9.8,0.52,0.0
3302740059209,Blanc de poulet doré au four,Fleury Michon,b,1,4.0,98.2649578284837,1.6,0.4,0.5,0.5,0.0,21.0,1.5,4.85
4335619018532,Huile d'olive vierge extra,PRIMADONNA,b,0,2.0,824.0,91.6,13.7,0.0,0.0,0.0,0.0,0.0,100.0
3045320027280,Compote Pomme Nature,Andros,b,1,3.0,86.0,0.1,0.0,20.0,20.0,1.7,0.3,0.0,89.0
3256224234555,Lait Demi-écrémé stérilisé UHT,"U, U BIO",b,0,1.0,46.0,1.0,1.0,4.0,4.0,0.0,3.0,0.1,0.0
3329770073272,Skyr sur lit auw fruits rouges,Yoplait,b,1,4.0,76.0,0.5,0.1,12.2,11.7,0.0,7.8,0.12,12.8
3175681290303,fourré figue,Gerblé,b,2,4.0,358.0,11.0,0.9,67.0,2.6,5.6,4.6,0.48,8.33
3564700005835,Lait demi-écrémé,"Délisse, Marque Repère, Scamark (Filiale E. Leclerc)",b,-1,1.0,46.0,1.6,1.0,4.8,4.8,0.5,3.2,0.1,
5036589252450,Kefir Fermented Natural Yogurt with Live Kefir Cultures,Yeo Valley Organic,b,1,,64.0,2.1,1.4,5.4,5.4,,4.7,0.12,0.0
4012359144003,Filets de tofu à la japonaise,Taifun,b,2,3.0,202.0,13.0,2.0,2.4,0.3,,19.0,1.38,55.0
3270190008262,Huile d\'olive,Carrefour,b,0,2.0,823.0,91.0,13.0,0.0,0.0,0.0,0.0,0.0,100.0
3023290032374,Skyr vanille,siggi's,b,1,4.0,50.5882352941176,1.9,1.4,8.4,7.7,,8.7,0.14,0.1625
4088600247519,Wheat bisk,Harvest morn,b,1,3.0,562.0,0.8,0.2,26.0,1.7,3.8,4.5,0.1,0.0
3661344961326,LES 2 VACHES YAOURTS BRASSES NATURE 115 G X 4,Les 2 Vaches,b,2,3.0,65.0,3.2,2.2,5.5,5.5,,4.2,0.15,0.0
8480000835475,Pan de molde 12 cereales y semillas,Hacendado,b,2,4.0,260.0,5.7,0.9,38.0,3.7,6.2,11.0,1.07558139534884,0.0
3017800078846,Haricots rouges d'aucy 250g,D'aucy,b,-3,3.0,,,,,,,,,
3478820013192,DUO DE QUINOA AUX LEGUMES,Jardin Bio étic,b,1,3.0,145.0,3.2,0.4,22.0,1.5,4.4,4.8,0.65,24.525
6111242101197,Lait Demi écrème Uht Jaouda,Jaouda,b,-4,1.0,45.0,1.5,0.0,4.9,0.0,0.0,3.1,0.0,0.0
6111024002414,,Mabrouka,b,1,,900.0,100.0,16.0,0.0,0.0,,0.0,0.0,0.0
3256220394079,Céréales Muesli croustillant aux 4 noix paquet de 500g,U,b,1,4.0,469.0,20.0,2.6,57.0,13.0,8.6,11.0,0.2,
20621483,Special Flakes Bran Flakes,Crownfield,b,1,3.0,376.666666666667,2.0,0.5,66.2,13.2,17.2,11.1,0.63,0.0
3760121216571,Boisson végétale - Amande sans sucre,Biocoop,b,1,4.0,18.0,1.7,0.2,0.0,0.0,,0.7,0.1,
6111249190279,Filets de maquereaux,,b,2,3.0,171.76,10.8,2.64,0.16,0.0,,18.48,1.04,0.0
3599741006350,Epinards hachés à la crème,Findus,b,1,3.0,78.0,4.4,2.8,5.3,1.4,1.7,3.5,0.6,71.0
3270190007425,Petits pains grilles,Carrefour,b,2,4.0,408.0,10.0,0.9,66.0,4.2,6.9,10.0,1.0,8.49
20290221,Sardines huil.olive extra v.St Gil.,Saveurs de nos Régions,b,2,3.0,200.0,12.0,3.1,0.0,0.0,0.0,23.0,0.88,21.7
3307130605004,Sauce tomate Provencale,"Jardin Bio étic, Jardin biologique, Léa Nature",b,1,3.0,47.0,1.1,0.2,6.3,5.9,2.5,1.6,1.1,
8402001021404,Barritas de cereales mango,Hacendado,b,2,,345.0,5.5,0.5,60.0,13.0,20.5,5.5,0.4875,
3038359007651,Bolognaise classique,Panzani,b,1,4.0,82.0,3.7,1.5,6.9,5.8,1.5,4.5,0.91,121.0
3248832940522,Couscous Oriental légumes cuisinés et poulet émincé,WeightWatchers,b,2,4.0,92.3333333333333,1.8,0.3,11.0,2.2,1.4,6.9,0.69,
3278699005010,Yaourt Nature BIO,Malo,b,2,1.0,69.0,3.6,2.3,5.5,5.5,0.0,3.6,0.12,0.0
3451790852497,La Crème Semi-Epaisse Si Légère 4%MG,"Elle & Vire, Elle et Vire",b,2,4.0,76.0,4.3,2.9,6.3,4.2,0.2,2.9,0.11,
3250391587285,Houmous - IDS -180g,Itineraire des saveurs,b,2,3.0,289.0,23.0,2.5,9.0,0.3,6.2,8.4,0.93,69.26
3487400004437,L'original,Ebly,b,-1,1.0,219.0,0.8,0.2,44.0,0.8,3.6,7.6,0.01,0.0
20621452,Special Flakes Red Berries,Crownfield,b,1,3.0,382.0,2.6,0.7,77.5,11.5,6.5,8.9,0.37,4.5
3265479432005,Huile d'olive vierge extra - Bio,Puget,b,0,2.0,900.0,100.0,14.0,0.0,0.0,0.0,0.0,0.0,100.0
5201054017432,Total 5% Fat Greek Yogurt,FAGE,b,1,,93.0,5.0,3.6,3.0,3.0,,9.0,0.1,0.0
5060337220415,kefir drink original,Biotiful gut health,b,2,1.0,59.0,2.9,2.1,4.6,2.8,,3.5,0.00025,0.0
3175681137776,Orge & pruneaux a la marocaine,Céréal Bio,b,1,3.0,137.0,3.2,0.4,19.0,4.7,5.1,5.6,0.7,28.03
4088600065991,White Sourdough,Specially Selected,b,1,3.0,252.5,0.7,0.1,44.6,1.9,4.5,9.4,0.865,0.0
3428272110017,Lait Matin léger BiO,Lactel,b,-1,1.0,43.0,1.2,0.8,4.8,4.8,,3.3,0.1,0.0
3083681116908,Poêlée Parisienne 750g,"BONDUELLE, Bonduelle",b,1,4.0,91.0,4.3,1.0,9.1,1.6,2.7,2.5,0.58,
3019089042228,Rilettes de thon,Petit Navire,b,2,4.0,275.0,22.0,1.8,1.5,0.4,1.5,17.0,0.9,18.11
3302740059179,Blanc de dinde doré au four,Fleury Michon,b,1,4.0,102.5,1.25,0.5,1.25,1.25,,22.0,1.475,0.7325
5055953900292,THE VERT NATURE GUNPOWDER,TWININGS OF LONDON,b,0,1.0,,,,,,,,,0.0
3564700747322,Filets maquereau naturel,"Marque Repère, Pêche Océan",b,1,3.0,238.0,18.0,4.1,0.0,0.0,0.0,19.0,0.55,0.0
5411188128649,"Alpro Fermentiertes Sojaprodukt, Erdbeere, Skyr style 400g",alpro,b,2,4.0,85.0,3.0,0.5,8.5,8.2,1.2,5.2,0.22,32.84
7610700015421,Ricola Eucalyptus,Ricola,b,2,4.0,237.0,0.0,0.0,98.0,0.0,,0.0,0.0,14.62
3175681121263,Pain campagnard sans gluten,Gerblé,b,2,4.0,240.0,4.3,0.6,40.0,10.0,12.0,4.2,0.79,0.0
5000129341041,Hand finished seeded sourdough bread,Coop,b,1,3.0,251.0,3.9,0.5,43.0,3.0,5.1,8.8,0.7575,2.5
3250391318353,Boisson soja nature BIO 1l,Regain,b,-5,1.0,34.1,1.9,0.3,0.5,0.5,0.7,3.4,0.02,0.0
8410076481757,Tortilla chips,Old El Paso,b,2,4.0,483.333333333333,22.6,2.0,59.1,1.5,6.5,8.0,0.41,5.28
3083681040609,Haricots Rouges façon Chili 1/2,Bonduelle,b,-1,3.0,69.0,0.6,0.1,9.9,2.0,3.3,4.4,1.0,
3599741005605,Colin d'Alaska MSC - 7 Céréales & Graines,Findus,b,1,3.0,208.030592734225,7.2,0.4,19.0,0.5,1.6,13.0,0.855,4.12
8480000223135,Yogur natural,Hacendado,b,2,3.0,62.0,3.4,2.2,4.1,4.1,,3.7,0.1,0.0
6191509909933,Huile d'olive vierge extra,Terra Delyssa,b,2,2.0,821.0,91.2,19.3,0.0,0.0,,0.0,0.0,100.0
5010029226188,Muesli Recipe,Alpen,b,1,4.0,368.888888888889,5.5,0.9,65.0,18.0,8.0,11.0,0.28,17.0
5057967395071,White Sourdough Bread,Tesco finest,b,1,3.0,229.0,0.9,0.1,45.1,2.7,3.7,8.2,0.7675,8.9
3250391318445,Soja cuisine BIO 20 cl,Regain,b,2,4.0,187.6,17.0,1.9,5.7,2.1,0.3,2.8,0.1,7.0
3229820769127,Soja cuisine fluide,Bjorg,b,2,4.0,175.0,16.0,1.8,3.5,1.6,0.7,3.1,0.1,6.8
3256220280136,"huile d,olive","U, U Bio, u bio",b,0,2.0,900.0,100.0,15.0,0.0,0.0,0.0,0.0,0.0,100.0
3273220083260,SOJASUN MYRTILLES 4X100G,Sojasun,b,2,4.0,76.0,2.1,0.3,10.5,10.2,0.0,3.7,0.06,9.0
7300400114714,Knäckebrot Vollkorn Roggen,wasa,b,1,3.0,333.33,1.5,0.4,60.0,1.5,20.0,9.0,1.2,0.0
3302740368103,La Tajine de Boeuf et ses Légumes du Soleil,Fleury Michon,b,2,4.0,122.0,5.14285714285714,1.0,13.1428571428571,3.71428571428571,1.71428571428571,5.14285714285714,0.79,50.6405303030303
6111246721261,Fromage Blanc Nature,Milky Food Professional,c,7,4.0,80.6,12.0,7.15,6.1,4.0,,7.3,0.1,0.0
3760049790214,Pain De Mie Bio,"La Boulangère, La Boulangère Bio",c,4,4.0,268.0,4.2,0.4,47.0,6.3,4.9,8.1,1.1,3.03
3175680011480,Sésame,Gerblé,c,9,4.0,467.0,18.0,2.0,64.0,17.0,4.6,10.0,0.38,
3284230006408,Brioche Tranchée Bio 400g,La Boulangère,c,10,4.0,336.0,9.4,0.9,52.0,13.0,3.9,8.8,0.95,0.0
5449000147417,Cappy PULPY,Cappy,c,4,4.0,21.0,0.0,0.0,4.7,4.4,,0.0,0.04,0.0
3760049794298,Pain de mie Bio grandes tranches céréales & graines 500g,"La Boulangère, La boulangere",c,4,4.0,303.0,8.3,0.8,46.0,5.1,5.1,8.6,1.1,0.0
3229820160672,Croustillant Chocolat,Bjorg,c,7,4.0,431.666666666667,14.0,3.4,62.0,14.0,10.0,9.27,0.26,2.21
3155250358788,Margarine bio doux tartine & cuisson,Primevère,c,8,4.0,485.0,55.0,14.0,0.0,0.0,0.0,0.0,0.4,43.62
3155251205296,Tartine Doux,Primevère,c,8,4.0,495.0,55.0,15.0,0.0,0.0,,0.0,0.4,2.69
6111032001003,Assil vanille,Danone,c,3,,95.5,2.7,1.8,14.0,8.0,2.0,3.4,0.0,0.0
5449000214799,Coke Zero,"COCA-COLA SERVICES SA/NV, Coca-Cola",c,4,4.0,0.3,0.0,0.0,0.0,0.0,0.0,0.0,0.01,0.0
3760049791006,tartine de campagne,la Boulangère,c,4,4.0,272.0,6.5,0.5,43.0,2.6,3.9,8.9,1.2,5.3
5449000214911,Coca-Cola Original,Coca-Cola,c,3,4.0,42.0,0.0,0.0,10.6,10.6,,0.0,0.0,0.0
6111032008583,Gervais fromage frais nature sucré,Gervais,c,7,,137.0,7.0,4.8,11.7,7.2,,7.0,0.5,0.0
3608580124047,Be Nuts ! - Pâte à tartiner Cacahuète,Andros,c,9,4.0,614.0,49.0,9.0,20.0,15.0,4.4,21.0,0.7,0.0
3175681851856,Biscuit raisins,Gerblé,c,5,4.0,441.0,14.0,1.2,68.0,17.0,5.1,8.3,0.2,16.8
3229820794525,Avoine chocolat,Bjorg,c,10,4.0,454.0,18.0,3.2,61.0,17.0,7.8,8.1,0.63,12.0
3302740087059,Les tranches végé lentilles,Fleury Michon,c,5,4.0,143.333333333333,6.5,0.6,11.0,0.5,3.8,8.1,1.8,27.04
5411188124689,Oat No Sugars,"alpro, Danone Belux nv",c,3,4.0,44.0,1.5,0.2,6.4,0.0,0.7,0.8,0.1,0.0
3229820792132,Avoine,Bjorg,c,6,3.0,45.0,1.5,0.3,7.0,4.0,0.5,0.5,0.09,0.0
6111184004730,Ketchup star,Star,c,7,,108.0,0.08,0.0,25.7,22.36,0.0,1.12,0.00555,0.0
3256540000698,Pains au lait,Brioche Pasquier,c,6,4.0,353.0,11.0,4.0,55.0,11.0,3.5,8.6,0.00275,1.75
6111259093096,شييزلي,gastro mixte,c,10,,225.0,20.0,13.0,2.0,0.0,0.1,9.0,0.32,0.0
5411188110835,"Alpro Mandeldrink, Original 1L","alpro, Danone Belux nv",c,4,4.0,23.0,1.2,0.0,2.6,2.4,0.3,0.5,0.1475,2.44
3019081238643,Sardines Huile d'Olive Vierge Extra,PARMENTIER,c,3,3.0,227.0,15.0,3.5,0.0,0.0,,23.0,1.2,5.23
8445290615350,sauce tomate cuisinée,Solis,c,3,4.0,68.0,0.4,0.0,7.6,4.4,2.0,1.6,1.0,77.7727272727273
6111037000599,Familia 200g,,c,9,4.0,532.0,60.0,21.0,0.2,0.0,5.0,0.2,0.0,0.0
3154230809869,Jambon à l'étouffée sans nitrite,"HERTA, Herta, Le Bon Paris",c,7,4.0,109.2,2.4,1.0,0.9,0.0,0.0,21.0,1.7,0.0
20047238,Nussmix,,c,9,1.0,646.67,58.0,6.33,6.4,4.33,8.67,20.3,0.03,100.0
3302740087042,Les Tranches Végé Pois chiches,Fleury Michon,c,5,4.0,136.666666666667,6.0,0.5,11.0,0.5,3.8,8.1,1.8,24.14
3041090063206,Cracotte Céréales Complètes,LU,c,8,4.0,377.0,3.1,1.0,73.0,8.1,7.5,11.0,1.6,0.0
6111032001010,DANONE ASSIL BANANE,Danone,c,5,,95.0,2.7,1.8,0.0,14.3,0.0,3.4,0.1,0.0
5010477348357,Country Crisp 4 noix,Jordans,c,9,4.0,465.0,20.0,2.6,58.0,18.0,6.1,11.0,0.03,16.25
3229820021027,P'tit Nature Complet,Bjorg,c,7,4.0,416.0,10.0,0.8,70.0,20.0,7.6,7.6,0.45,8.79
3228857001231,Harrys brioche tressee nature au sucre perle sans additifs 500g,Harrys,c,5,4.0,356.0,13.0,1.0,49.0,13.0,4.5,8.6,0.8,
6111242103702,Yaourt Grec Muesli,Jaouda,c,5,3.0,140.0,7.0,4.0,16.1,9.0,,3.3,0.0,6.5
3228857001378,Brioche moins de sucre,Harry's,c,3,4.0,,,,,,,,,
5411188115366,Alpro smooth subtle creamy oat,alpro,c,5,4.0,46.0,1.5,0.2,6.6,3.1,0.7,0.8,0.1,0.0
6923818812082,Green Tea,green tea,c,3,1.0,0.5,0.5,0.5,0.5,0.2,0.2,0.5,0.1,0.0
3336971805021,Chips de lentilles saveur fines herbes,Vico,c,7,4.0,453.0,19.0,1.7,55.0,2.3,7.4,13.0,1.1,45.05
8424893600352,kéfir 500g,Reina,c,6,,75.0,4.2,2.8,5.5,5.5,,3.9,0.15,0.0
3168930010906,Cruesli Chocolat noir,"PEPSICO FRANCE, Quaker",c,10,4.0,455.0,19.0,4.9,57.0,16.0,10.0,8.1,0.48,2.15
3251490320001,Biscuit complet au germe de blé,Gerblé,c,9,4.0,440.47619047619,14.2857142857143,1.19047619047619,65.4761904761905,21.4285714285714,7.14285714285714,9.52380952380952,0.238095238095238,10.775
3083681095296,Ratatouille Cuisinée à la Provençal,Cassegrain,c,3,3.0,72.0,4.1,0.6,5.7,5.5,3.4,1.3,0.81,
6111099000599,Huile de table,lio,c,5,2.0,900.0,100.0,14.0,0.0,0.0,0.0,0.0,0.0,0.0
6111251753912,611251753912,sos,c,4,,73.0,3.3,0.4,8.7,2.3,1.4,1.3,0.83,0.0
6111242102002,غلال القمح,Jaouda,c,3,4.0,106.0,3.0,2.2,16.0,7.5,1.1,3.5,0.0,0.0
3327272107259,Menguy's Beurre de cacahuètes creamy,Menguy's,c,6,3.0,629.0,52.0,9.5,12.0,8.7,6.7,25.0,0.86,86.0
6111032008453,danino,Danone,c,5,,132.2,6.3,4.3,12.3,8.6,,6.5,0.07,0.0
5060042641000,Lightly sea salted crisps,Tyrrells,c,8,3.0,519.0,29.3,2.4,53.4,0.4,6.7,6.9,0.84,13.78
3242274030056,Manhattan Oeuf  Poulet Rôti  Fromage,Salade & Compagnie,c,4,4.0,186.0,8.8,2.5,17.0,4.1,2.8,8.3,0.53,87.47
6111242102781,Tendre nature,"Tendre, jouda",c,5,3.0,119.0,5.0,4.2,14.3,9.0,0.0,4.2,0.0,0.0
3228857000852,Pain de mie 100% mie nature,"Harrys, Harys 100% Mie",c,7,4.0,264.0,4.0,0.3,48.0,7.0,4.0,7.0,1.1,2.95
3228857002184,American sandwich nature,Harrys,c,3,4.0,283.0,6.0,0.5,47.0,5.2,5.5,7.4,1.1,10.91
3292070005161,Houmous extra - Pois chiches français & graines de sésame,"L'atelier Blini, LABEYRIE FINE FOODS FRANCE",c,4,3.0,317.0,26.8,2.6,8.7,0.1,6.15,6.9,1.16,66.62
3251491787810,Goûter aux raisins,Gerblé,c,9,4.0,432.0,14.0,1.3,64.0,21.0,6.1,9.4,0.0,22.0
3175681257535,"Biscuits 3 graines Kasha, Sésame, Pavot",Gerblé,c,7,3.0,448.0,17.0,1.6,60.0,17.0,8.7,9.5,0.42,0.0
5449000133328,Cocacola zero sugar,"COCA-COLA SERVICES SA/NV, Coke ZERO",c,4,4.0,0.0,0.0,0.0,0.0,0.0,0.0,0.0,0.02,0.0
3154230810131,HERTA LE BON PARIS Jambon sel réduit sans nitrite x4-140g,"HERTA, Herta, Le Bon Paris",c,5,4.0,112.8,2.4,1.0,0.8,0.0,0.0,22.0,1.375,0.0
3240931548111,Gnocchi à poêler,"Lustucru, Lustucru selection",c,5,3.0,190.0,2.7,0.3,35.0,1.5,2.6,5.0,1.1,1.92
6111242102767,Yaourt tendre,Jaouda,c,6,4.0,119.0,5.0,4.2,14.3,9.0,,4.2,0.0,0.0
3608580124108,Be Nuts! Pâte à tartiner Cacahuète,Andros,c,6,4.0,612.0,49.0,8.7,18.0,12.0,5.4,22.0,0.53,85.0
3302740047404,Le Supérieur -25% de Sel - Conservation sans Nitrite,Fleury Michon,c,5,4.0,115.0,2.8,1.0,0.5,0.5,,22.0,1.4,12.43
5010477348630,Muesli 36% fruits noix & graines,"Jordan, The Jordans & Ryvita Company Limited - A Division of ABF Grain Products Limited",c,6,1.0,373.0,8.4,2.8,60.7,18.9,8.5,9.3,0.03,17.5
5449000131805,Coca-Cola Zero Azúcar,"COCA-COLA SERVICES SA/NV, Coca-Cola",c,4,4.0,0.2,0.0,0.0,0.0,0.0,,0.0,0.02,0.0
3175680011442,Biscuit soja orange,Gerblé,c,10,4.0,442.857142857143,14.0,1.4,66.0,18.0,5.1,11.0,0.36,15.0
6111024001516,"Huile de table équilibrée riche en vitamines A,E,D3",Lesieur,c,5,4.0,900.0,100.0,15.0,0.0,0.0,,0.0,0.0,14.375
8719200012608,Tartine sans huile de palme,ProActiv,c,4,4.0,314.0,35.0,7.6,0.5,0.5,,0.5,0.2,14.23
3229820794532,Avoine complète,Bjorg,c,6,3.0,442.0,15.0,1.4,64.0,16.0,7.5,9.1,0.35,0.0
6111032002208,Activia Céréales,Danone,c,5,4.0,101.0,3.3,2.0,14.3,14.3,1.53,3.4,0.0,0.0
8410076470812,Blé Complet Wraps,"Old El Paso, GENERAL MILLS IBERICA S.A.U.",c,3,4.0,293.0,6.0,1.1,47.8,2.3,5.5,9.1,1.05,0.0
3229820787008,Lait d'amande,Bjorg,c,4,3.0,29.0,1.2,0.2,4.6,3.3,,0.5,0.06,2.8
3336971805038,Chips de lentilles saveur tomate mozza,"Vico, Natu' & Bon",c,8,4.0,452.0,19.0,1.8,54.0,3.8,7.2,13.0,1.1,47.0661644345238
3083680973939,Ratatouille Cuisinée à la Provençal,Cassegrain,c,3,3.0,72.0,4.1,0.6,5.7,5.5,3.4,1.3,0.81,
3251491787803,Goûter aux écorces confites,Gerblé,c,8,4.0,449.0,15.0,1.4,66.0,20.0,6.1,9.4,0.03,14.775
6111242102187,Ghani,Jaouda,c,3,,80.0,1.6,0.6,13.3,12.0,,3.2,0.2,0.0
6111180003102,Mayfine,Idéal,c,4,2.0,356.0,0.6,0.0,85.0,0.0,0.0,0.45,0.18,0.0
8712100338694,Maizena Fleur de Maïs Sans Gluten 400g,"MAIZENA, Unilever",c,4,2.0,355.0,0.5,0.1,86.0,0.5,1.0,0.5,0.01,0.0
3228857000883,Extra moelleux nature,Harrys,c,4,4.0,278.0,5.2,0.5,47.1,6.5,5.0,8.1,1.18,
6111259340992,Eyoo cover,EXCELO,c,4,4.0,452.0,23.0,0.0,55.0,0.0,,6.0,0.0,0.0
5010477348517,Country Crisp 4 Baies,Jordans,c,8,4.0,432.0,13.0,1.8,67.0,20.0,6.0,9.1,0.03,4.92857142857144
7613035937420,HERTA Knacki Veggie Saucisses végétales x6 -210g,"Herta, Knacki",c,3,4.0,256.0,20.0,1.0,3.0,2.0,2.0,15.0,1.34,16.85
3168930002987,Cuites au four nature,Lay's,c,8,4.0,442.0,13.0,1.4,73.0,5.3,6.2,5.9,0.84,0.0
5449000131836,Coca-Cola Zero 500ml,Coca-Cola,c,4,4.0,0.2,0.0,0.0,0.0,0.0,0.0,0.0,0.05,0.0
6111266962910,press up jaouda petit orange,jaouda,c,4,4.0,37.0,0.0,0.0,8.7,4.5,0.2,0.1,0.0025,59.9
6111242104198,برس اب الخوخ جودة 1لتر,jaouda,c,4,4.0,37.0,0.0,0.0,8.7,4.5,0.2,0.1,0.0025,49.81
3182180002115,Grilletine Blé Complet,Pasquier,c,8,4.0,432.0,10.0,2.0,65.0,7.3,6.7,13.0,0.87,
8410076472953,Wraps,Old El Paso,c,5,4.0,301.724137931034,5.2,1.2,53.2,2.1,1.6,9.1,1.0,0.0
3240931548135,Lustucru gnocchi a poêler format xxl 720g,"Lustucru, Lustucru selection",c,5,3.0,190.0,2.7,0.3,35.0,1.5,2.6,5.0,1.1,1.94
8198701234564,Pâte d'arachide,pâte d'arachide,c,10,4.0,582.0,48.2,14.0,24.8,11.2,6.5,24.3,0.7,90.0
3229820798110,Granola Chocolat,Bjorg,c,6,4.0,420.0,13.0,3.1,62.0,12.0,7.5,10.0,0.01,0.0
3278693504076,Emprésuré au chocolat,Malo,c,5,3.0,107.0,1.8,1.1,17.0,17.0,,5.8,0.22,0.0
8436547770137,Kéfir natural sabor suave,ARTE LACTICO CAPRINO S.L.,c,4,1.0,74.0,4.2,2.9,5.1,2.3,,3.9,0.0002,0.0
3302740047367,Le Supérieur - à l'Etouffée - Conservation sans Nitrite,Fleury Michon,c,6,4.0,115.0,2.8,1.0,0.5,0.5,0.0,22.0,1.5,2.28
3661344288690,CREME DESSERT BIO AU CHOCOLAT,LES 2 VACHES,c,9,3.0,146.0,5.0,3.4,20.1,17.6,,4.4,0.27,0.0
7613035530799,NESQUIK Moins de Sucres,"Nesquik, Nestlé, Société des Produits Nestlé S.A.",c,5,4.0,,,,,,,,,
0037600106009,Creamy Peanut Butter,Skippy,c,6,,605.0,43.4,9.4,16.6,11.4,7.7,26.9,1.0,92.43
5059319023762,Miel Pops,KELLOG'S,c,9,4.0,384.0,1.5,0.1,85.0,22.0,4.6,5.2,0.4,0.0
4056489028109,Shot de gingembre bio,LIDL,c,5,1.0,35.0,0.4,0.0,7.9,7.6,0.2,0.4,0.0,75.0
3017760363990,Heudebert Fibre +,Heudebert,c,7,4.0,384.0,5.7,2.2,63.0,5.4,12.0,15.0,1.1,0.0
3421557501722,Muesli croustillant tradition,Terres et Céréales,c,8,3.0,440.0,13.0,1.7,68.0,20.0,5.9,9.1,0.05,0.0
3421557501975,Muesli croustillant duo pépites,Terres et Céréales Bio,c,10,3.0,434.0,13.0,3.8,67.0,25.0,7.6,9.2,0.05,2.55
3302740087103,Les Tranches Végé Haricots Blancs,Fleury Michon,c,4,4.0,135.0,6.0,0.4,10.0,0.5,4.2,8.1,1.8,25.81
3175681116832,Sablé saveur COCO,Gerblé SANS SUCRES,c,3,4.0,427.272727272727,15.0,1.5,72.0,0.0,4.1,6.2,0.2,8.77
8715700423913,Tomato ketchup,Heinz,c,6,4.0,64.0,0.1,0.0,12.0,11.0,,1.4,0.9,53.125
8710522922019,Ketchup 5 Ingrédients,Amora,c,5,3.0,74.0,0.5,0.1,15.0,14.0,0.7,1.5,0.88,78.1
3175681290440,Petit Déj' Fruits Rouges à l'Épeautre,"Gerblé, Gerblé Bio",c,7,4.0,458.0,17.0,1.6,64.0,17.0,7.1,8.7,0.21,4.0
3229820786605,Crousti' Avoine Chocolat,Bjorg,c,7,4.0,416.0,13.0,4.4,60.0,14.0,9.5,10.0,0.1,0.45
3033491451652,"Le petit suisse gervais nature 9,5 % 60 g x 12",GERVAIS,c,5,1.0,143.0,9.5,6.7,4.5,4.5,,9.3,0.08,0.0
3175681134935,Sablés sans sucres saveur citron yuzu,Gerblé,c,3,4.0,424.0,15.0,1.2,72.0,0.0,5.1,6.0,0.22,9.5175
3240931548128,Lustucru gnocchi a poêler 520g,Lustucru,c,5,3.0,190.0,2.7,0.3,35.0,1.5,2.6,5.0,1.1,1.94
3175681308190,Sésame,Gerblé,c,9,4.0,423.333333333333,18.0,2.0,63.0,17.0,4.6,11.0,0.35,10.93
3155250364772,Primevère Tartine & Cuisson,Primevère,c,9,4.0,566.0,63.0,17.0,0.0,0.0,0.0,0.0,0.3,
3272770095334,St Moret ligne et plaisir,St MÔret,c,7,4.0,130.0,8.0,5.5,5.0,5.0,0.0,10.0,1.0,0.0
3029330022411,Maxi Tranches Sans sucre ajouté Nature,Jacquet,c,5,4.0,249.0,2.8,0.3,46.0,4.5,3.4,8.3,1.1,7.33333333333334
3175681280502,Le petit Gerblé nature,Gerblé,c,8,3.0,449.0,14.0,1.3,68.0,18.0,5.3,10.0,0.19,23.3932032
3155251205302,Tartine doux,Primevère,c,8,4.0,495.0,55.0,15.0,0.0,0.0,,0.0,0.4,25.0
3273220541012,Fromage blanc au lait de brebis,Vrai,c,4,3.0,96.0,6.3,4.3,4.5,4.5,,5.3,0.11,0.0
3272770096942,Le goût primeur - Ligne & plaisir,St Môret,c,7,4.0,132.0,8.0,5.5,5.0,5.0,,10.0,0.9825,0.0
20047559,Yogurt Greek Style,Pilos,c,6,1.0,96.1759082217972,10.0,6.6,3.2,3.2,0.5,4.6,0.13,0.0
3083681148640,Celeri fromage blanc dnp 320g,Bonduelle,c,3,4.0,138.0,12.0,1.0,4.0,2.0,3.0,2.0,0.88,
6111203005779,الهاندس,La Hollandaise,c,10,4.0,270.0,23.0,15.0,7.0,6.0,0.0,10.0,0.0,0.0
3421557502446,T&C Muesli croustillant avoine amandes sans gluten,Terres & céréales bio,c,7,3.0,447.0,15.0,1.8,66.0,18.0,6.9,9.0,0.04,4.6
3661344688339,Les 2 Vaches Vanille Bio de Madagascar 4 x 115 g,Les 2 Vaches,c,4,3.0,93.0,2.8,2.0,13.3,12.7,,3.7,0.14,0.0
3155251204343,Tartine & cuisson doux à tartiner et à cuire,Primevere,c,9,4.0,567.0,63.0,17.0,0.0,0.0,0.0,0.0,0.35,25.0
5013665115571,Beurre de Cacahuètes 99% cacahuètes,Whole Earth,c,3,3.0,595.0,46.0,8.6,12.0,5.9,8.4,29.0,0.69,99.0
3278690085646,Emprésuré chocolat intense,Malo,c,5,3.0,125.0,2.0,1.3,20.0,18.0,0.0,6.8,0.2,0.0
8480000038524,Guacamole,"Hacendado, MERCADONA",c,4,4.0,149.0,13.7,3.8,2.0,1.4,5.0,1.9,1.5,98.0
5411188110842,Rich and indulgent Hazelnut,alpro,c,4,4.0,29.0,1.6,0.2,3.2,3.2,0.3,0.4,0.1375,2.8
5013665115557,Beurre de cacahuètes crunchy,Whole Earth,c,3,3.0,595.0,46.0,8.6,12.0,5.9,8.4,29.0,0.69,99.0
3387390326574,Céréales Cookie Crisp,"Nestlé, Cookie crisp",c,10,4.0,393.0,5.2,0.9,78.0,22.4,6.0,6.7,0.66,
3560071232719,Pain de mie complet,"Carrefour BIO, Carrefour",c,4,4.0,273.0,5.1,0.4,46.0,5.2,4.6,8.4,1.1,4.06
3760020508388,Tartined Craquantes Châtaigne,Jardin Bio étic,c,5,3.0,362.0,1.5,0.5,82.0,5.1,2.0,7.2,0.55,
3175681135895,Moelleux chocolat noix,Gerblé,c,6,4.0,434.0,23.0,3.0,49.0,13.0,9.6,7.3,0.23,21.2
8410376037784,Sandwich Zero Sin Azúcares,Gullón,c,10,4.0,434.0,18.0,7.4,67.0,4.0,7.8,7.0,0.58,0.0
4056489997511,Bio Hafer,VEMONDO BIO,c,5,4.0,37.0,1.2,0.2,5.6,3.3,1.0,0.4,0.0775,0.0
3281780893915,Mon Taboulé Oriental,Pierre Martinet,c,4,3.0,183.0,6.7,0.8,25.0,5.4,2.1,4.5,0.9,76.9
3021690201123,Lentilles Cuisinées à l'Auvergnate,Raynal & Roquelaure,c,8,4.0,48.2926829268293,3.2,1.1,10.0,0.8,2.8,6.1,0.7,30.34375
3175681134904,Sablé Nature sans sucres,Gerblé,c,3,4.0,418.181818181818,15.0,1.2,72.0,0.0,5.2,6.0,0.22,9.1
3760278866964,Beurre bio cacahuètes crunchy,Ethiquable,c,3,3.0,622.0,50.0,6.8,13.0,5.8,8.3,26.0,0.9,99.1
7622210770714,Moelleux goût choco-noisette,"Belvita, LU",c,9,4.0,398.0,14.0,1.9,61.0,22.0,6.8,5.3,0.26,1.92
3259011799893,Galettes Boulgour & Sarrasin à l'Emmental,Céréal BIO,c,3,4.0,225.0,9.0,2.1,25.0,1.9,4.2,8.8,0.975,2.85
6111242101272,Muscly la force pour grandir,Jaouda,c,3,4.0,161.0,7.5,0.0,15.7,15.7,0.0,7.6,0.0,0.0
6111021090056,Aicha Tomato Paste,Aicha,c,4,,117.0,0.4,0.0,23.7,9.0,3.0,4.6,0.5,0.0
3168930173311,Doritos goût nature,Doritos,c,4,,470.0,20.0,1.8,64.0,1.1,6.2,6.5,0.71,8.5
3175681297104,Matin Chocolat,Gerblé,c,7,4.0,438.0,15.0,2.3,61.0,18.0,9.4,10.0,0.19,5.11
3182180002542,Grilletine Sans sucres ajoutés Blé complet,Pasquier,c,6,4.0,411.0,10.0,2.4,61.0,2.1,12.7,13.0,0.9,0.0
3165950211726,Filet de maquereaux au naturel,Saupiquet,c,3,3.0,206.0,15.0,3.9,0.0,0.0,0.0,18.0,1.18,0.0
6111242102361,Raib vani jaouda,Jaouda,c,7,4.0,81.0,2.0,1.0,13.0,11.0,2.0,3.0,1.0,0.0
3760091721747,Beurre de cacahuètes du Nicaragua,Ethiquable,c,8,3.0,576.0,48.0,10.0,12.0,5.9,0.0,25.0,0.5,95.48
6111024001202,Huile de tournesol,Lesieur Cristal,c,4,,900.0,100.0,11.3,0.0,0.0,0.0,0.0,0.0,0.0
3560071407650,Muesli de quinoa y chocolate,"Carrefour BIO, CARREFOUR FRANCE, Carrefour",c,9,3.0,424.0,12.0,4.4,67.0,16.0,6.8,9.1,0.08,
6111032006749,Danettz Chocolat,Danette,c,8,,135.0,5.0,3.4000000953674,19.799999237061,19.799999237061,,2.9000000953674,0.0,0.0
3023291122005,Yaos Yaourt à la Grecque Nature,Nestlé,c,6,3.0,50.4,7.9,5.3,3.5,3.5,0.0,3.1,0.12,0.0
8852018101024,Yum Yum Chicken Flavour,YumYum,c,4,4.0,,,,,,,,,
3182180060320,Tartines de Pain Blé Complet,Brioche Pasquier,c,7,4.0,382.0,5.0,0.8,67.0,4.2,8.7,13.0,1.5,0.0
6111032010333,Danone-Peche,Danone,c,3,,95.0,2.7,1.8,14.3,8.0,0.0,3.4,0.1,
5010477348555,Country Crisp 4 Noix,Jordans,c,9,4.0,465.0,20.0,2.6,58.6,18.0,6.1,11.0,0.03,15.125
3228857001118,Pain 100% mie nature sans sucre ajouté,Harrys,c,4,4.0,262.0,5.0,0.4,44.7,5.6,4.9,7.1,1.0,
3175681261365,Biscuits Abricot Pistache,Gerblé,c,4,4.0,467.0,18.0,1.6,64.0,16.0,6.0,9.3,0.13,25.1125
5449000132277,fanta tops lemon 1.5l,,c,4,4.0,20.0,0.0,0.0,4.8,4.8000001907349,,0.0,0.016,0.0
3302740050268,Jambon Simplement Bio - Conservation sans nitrite,Fleury Michon,c,8,4.0,118.0,3.5,1.3,0.7,0.7,,21.0,1.8,17.525
5449000036889,refresco de naranja,hawai,c,6,3.0,28.0,0.0,0.0,6.66,6.0,0.0,0.0,0.042,3.0
3154230809890,jambon,"HERTA, Le Bon Paris",c,7,4.0,102.0,2.0,0.0,0.0,0.0,0.0,21.0,1.7,0.0
3029330801924,pain Burger complet,jacquet,c,3,4.0,269.090909090909,5.0,0.6,44.0,4.8,5.8,9.4,1.1,2.89
6111032002888,Velouté Fraise,Danone,c,4,,94.7,3.0,2.0,14.7,9.0,,2.3,0.0,0.0
6111242102552,Dessert gourmand choco,Jaouda,c,3,4.0,233.333333333333,10.0,0.833333333333333,31.6666666666667,10.0,1.66666666666667,3.33333333333333,0.0,0.0
3281780893892,Taboulé oriental à l'huile d'olive vierge extra,Pierre Martinet,c,4,3.0,183.0,6.7,0.8,25.0,5.4,2.1,4.5,0.9,76.9
3168930010869,Cruesli Chocolat noir maxi format,QUAKER,c,10,4.0,455.0,19.0,4.9,57.0,16.0,10.0,8.1,0.48,6.31
3245413451804,Avoine,Carrefour BIO,c,6,3.0,43.0,1.2,0.2,7.2,5.0,0.8,0.5,0.08,0.0
5060042641420,Chips sel de mer et poivre noir,Tyrrell's,c,8,4.0,469.0,26.0,2.3,50.0,1.2,5.4,6.4,0.98,0.0
6111245470023,Afia,AFIA,c,5,2.0,900.0,100.0,15.0,0.0,0.0,,0.0,0.0,0.0
3366321053307,Oméga 3,St Hubert,c,10,4.0,468.0,52.0,15.0,0.0,0.0,,0.0,0.42,30.0
3366321053284,Margarine omega 3 doux,Saint Hubert,c,10,4.0,468.0,52.0,15.0,,0.0,,0.0,0.42,30.0
4056489546092,Bio crackers graines de chia et flocons d’avoine,Lidl,c,10,3.0,447.0,19.0,2.6,49.0,2.0,12.0,14.0,1.8,2.8125
5410093179616,Vegetal,gonga,c,9,,532.0,59.0,14.0,0.5,0.5,,0.5,0.5,0.0
8711200548002,Amora Mayonnaise de Dijon Flacon Souple 415g,"Amora, amora",c,9,4.0,648.0,70.0,5.6,1.6,1.5,0.5,1.2,1.8,70.0
3228857002191,Pain de mie american sandwich nature sans sucres ajoutés maxi 825g,"Harry's, Harrys",c,3,4.0,283.0,6.0,0.5,47.0,5.2,5.5,7.4,1.1,11.6103352864583
3021690201116,Lentilles cuisinées à l'Auvergnate,Raynal & Roquelaure R&R,c,7,4.0,207.0,3.2,1.1,10.0,0.8,2.8,6.1,0.6875,45.8973968640585
8585002484093,NESTLE MAGGI KUB Bouillon Bio Légumes 80g - 8 tablettes,Maggi,c,4,4.0,,,,,,,,,
8410076472946,8 Tortillas - Blé nature,"General Mills, Old El Paso",c,5,4.0,299.0,5.2,1.2,53.2,2.1,1.6,9.1,1.0,1.0
3608580890898,Gourmand & Végétal Brassé Nature,Andros,c,4,4.0,75.0,4.9,4.1,7.0,0.3,,0.6,0.09,22.25
3175681039599,Biscuit fondant choco noir sans sucres ajoutés,Gerblé,c,9,4.0,427.0,20.0,8.8,60.0,0.5,8.8,6.9,0.26,0.0
3661344221772,Yaourt saveur myrtille sauvage,LES 2 VACHES,c,4,4.0,90.43478,2.6,1.8,13.1,13.0,,3.5,0.14,8.6
7622210444141,Moelleux chocolat,"Belvita, LU, Mondelez International",c,4,4.0,400.0,14.0,2.8,62.0,18.4,6.8,6.0,0.22,3.38
3302740100796,Les tranches végé haricots rouges,Fleury Michon,c,5,4.0,115.0,6.2,0.5,5.3,3.6,4.8,7.0,1.8,26.96
7622210416681,Biscottes,"Heudebert, Lu, Mondelez",c,4,4.0,165.0,2.9,1.4,29.0,2.8,1.4,4.6,0.47,0.0
20615420,Paahdettu maapähkinä,Alesto,c,6,3.0,626.0,51.8,15.8,11.1,10.6,16.6,24.7,0.08,76.47
7613035648463,HERTA Pâte à Pizza Fine et Rectangulaire 390g,Herta,c,5,4.0,287.5,5.3,0.5,49.0,2.9,1.0,8.7,1.2,5.6
3760336830357,Pâte à tartiner praliné,funkie,c,10,3.0,253.333333333333,13.0,1.0,32.0,27.0,3.9,4.4,0.21,49.2
3155251205319,Tartine & Cuisson 100% végétal,Primevère,c,9,4.0,566.0,63.0,17.0,0.0,0.0,0.0,0.0,0.3,13.76
3760049790818,4 Baguettes viennoises 340g,La Boulangère,c,10,4.0,327.0,9.1,1.3,50.0,7.8,3.1,9.7,0.91,6.61
3387390019995,NESTLE LION Céréales 400g,"Nestlé, Lion",c,10,4.0,406.0,7.4,1.1,73.2,24.5,7.0,8.1,0.4,
7311070032574,"Golden Wheat Swedish Krisprolls, 7.9oz (225g)",Pågen,c,10,3.0,432.0,10.0,1.3,73.0,9.5,3.1,10.0,0.66,8.2
6111032007661,قلوتي,Danone,c,3,,80.0,2.9,1.9,11.2,7.0,,1.9,0.1,0.0
6111032004448,Danup fraise,Danone,c,4,,246.0,1.28,1.06,10.1,5.5,0.0,1.75,0.0,0.0
6111203001467,margarine la prairie 225g,la Prairie,c,3,4.0,635.0,70.0,0.0,0.7,0.0,0.0,1.0,0.7,0.0
3502110009449,Orangensaft,Tropicana,c,4,1.0,40.0,0.0,0.0,8.9,8.9,0.6,0.8,0.0,
3600900021050,Tipiak Graine Parfumé,Tipiak,c,3,4.0,,,,,,,,,
3497911105127,Saveur Sel & Vinaigre,Brets,c,10,3.0,527.0,32.0,2.7,51.0,1.0,4.8,6.4,1.0,0.0
6111032002918,Yawmi velouté pistache,Danone,c,4,,78.8,3.0,2.35,11.4,7.0,,2.3,0.0019,0.0
3029330801900,Pain Burger Géant,Jacquet,c,3,4.0,275.0,4.5,0.5,47.0,5.4,3.8,9.7,0.9825,2.22
8480000095367,"Muesli con quinoa, chía y chocolate negro",Hacendado,c,9,4.0,416.0,13.0,4.3,60.0,18.0,10.0,9.8,0.11,0.0
8434165437418,Cuetara Digesta Light 200G Marie Cookies,Cuétara,c,7,4.0,447.0,17.0,1.8,69.0,0.7,3.9,6.1,0.95,1.04
3228857000913,Pain de mie nature,HARRYS,c,7,4.0,268.0,4.3,0.4,48.0,7.7,3.8,7.0,1.1,3.3
5050083296079,Cereales special K original,Kellogg's,c,9,3.0,392.0,1.3,0.3,84.0,15.0,6.0,8.0,0.84,0.0
3175681216273,Galettes boulghour parmesan & tomates confites,Céréal Bio,c,3,4.0,222.0,7.4,1.7,28.0,3.5,4.8,8.5,0.95,5.14895833333332
3240931547213,Gnocchi aux pommes de terre,"Lustucru, Lustucru selection",c,5,3.0,193.0,2.7,0.4,36.0,1.9,2.0,5.1,1.1,1.03
7622210444127,Melloeux Fruit Rouges,Belvita,c,8,4.0,386.0,12.0,1.1,63.0,22.0,7.2,5.3,0.34,18.76875
3560070308316,Biscottes Complètes bio,Carrefour BIO,c,6,4.0,378.0,5.0,0.5,64.0,4.0,8.5,15.0,1.3,0.0
6111246910023,Pain de mie complet,Ekmek,c,3,4.0,231.0,2.1,0.12,42.4,3.8,5.0,8.0,1.05,0.0
3019081241193,Filets maquereaux moutarde à l'ancienne,Petit Navire,c,4,4.0,211.0,17.0,3.4,1.2,0.4,,13.0,0.9,0.55
6111024001288,Oleor,Oleor,c,5,2.0,900.0,100.0,14.6,0.0,0.0,,0.0,0.0,
3095758049019,Le Torchon - Cuit à l'Etouffée  - 25% de sel*,Fleury Michon,c,4,4.0,115.0,2.8,1.0,0.5,0.5,,22.0,1.2,0.803671875
8710482532303,Trigo Espelta Crackers,Bachman,c,6,3.0,440.0,14.0,1.4,56.0,3.8,14.0,15.0,1.0,8.9
8410076481597,Tortilla Nachos Original,"Old El Paso, GENERAL MILLS IBERICA S.A.U.",c,4,3.0,483.333333333333,23.7,2.33,59.0,0.67,6.0,7.67,0.49,0.0
7622300694678,Cracotte fibres,LU,c,7,4.0,368.0,3.5,1.1,69.0,6.3,11.0,11.0,1.4,0.0
0037600106412,Beurre de Cacahuètes Extra-Crunchy,Skippy,c,6,3.0,603.0,43.9,9.3,15.6,10.3,7.9,27.5,0.82,50.0
4056489424918,Beurre de cacahuètes crunchy,McEnnedy,c,5,,649.0,55.0,11.9,8.1,6.0,6.2,27.3,0.59,0.0
6111024001530,Huile Lesieur 3 Graines,Lesieur,c,3,4.0,900.0,100.0,15.0,0.0,0.0,5.0,0.0,0.0,15.8333333333333
3256228686558,Céréales Muesli croustillant au chocolat noir 500G,"U, U Bio",c,6,3.0,395.0,11.0,2.6,61.0,19.0,8.1,9.0,0.15,0.0
8480000057105,Pechuga de Pavo Cocida 92%,Hacendado,c,3,4.0,89.0,1.3,0.5,0.9,0.9,,19.5,1.8675,0.0
6111260550595,filets de sardines sans peau sans arêtes à l'huile végétale,Marine,c,3,3.0,249.0,16.1,2.11,6.3,0.2,3.0,19.8,1.1,0.0
3228021170022,President emmental coeur de meule 250g,PRÉSIDENT,c,9,3.0,370.0,29.0,21.0,0.5,0.5,0.0,27.0,0.6,0.0
3228857000869,100% mie,Harrys,c,7,4.0,266.0,4.2,0.4,48.0,7.7,4.0,7.0,1.1,
7622210941480,Heudebert Blé complet,Heudebert,c,3,4.0,170.0,2.0,0.8,30.0,3.2,2.8,6.1,0.63,0.0
3497917000518,Chèvre piment d'Espelette,Brets,c,10,4.0,527.0,32.0,2.7,51.0,2.7,4.8,6.4,1.0,0.0
8412674005021,Megachok,arluy,c,4,4.0,111.0,4.1,2.0,17.0,8.0,1.0,1.2,0.17,0.0
3178530423815,Petites Madeleines  -30% de sucres,St Michel,c,10,4.0,419.0,22.0,2.1,49.0,17.0,6.4,5.8,0.74,32.8125
8480000809421,Tortillas de trigo integrales,Hacendado,c,6,4.0,269.444444444444,5.8,1.9,41.0,2.1,8.5,9.3,1.5,0.0
3165958350014,Filets de Maquereaux au Vin Blanc,SAUPIQUET,c,4,4.0,160.0,12.0,2.8,0.9,0.5,0.0,12.0,1.0825,10.5
4056489300786,Knusper Müsli Schoko,Crownfield,c,10,4.0,447.0,16.2,5.8,59.8,13.7,9.1,10.9,0.41,3.67
20534455,Dried Soft Apricots,Alesto,c,7,3.0,193.333333333333,0.29,0.1,43.3,32.0,4.67,2.03,0.17,62.5
8445291604117,NESQUIK Moins de Sucres Poudre Cacaotée Boîte 350g,"Nesquik, Nestlé",c,5,4.0,,,,,,,,,
3228857000876,Pain Extra Moelleux Nature Sans Sucres Ajoutés,Harrys,c,6,4.0,281.0,5.2,0.5,49.0,7.0,3.5,8.0,1.1,
3421557110313,Krounchy chocolat,Grillon d'Or,c,8,3.0,442.0,15.0,2.4,65.0,18.0,7.2,9.0,0.01,3.5
8719200251700,Beurre planta,Beurre planta,c,8,4.0,450.0,50.0,13.0,0.5,0.5,,0.5,0.3,22.21
3023290634578,Yaos le yaourt à la Grecque,"Nestlé, Yaos",c,6,3.0,102.0,7.9,5.3,3.5,3.5,0.0,3.1,0.12,0.0
20665241,Yaourt à la grecque,Envia,c,6,3.0,99.3333333333333,8.1,5.4,3.7,3.6,0.5,2.9,0.0975,0.0
8719200012516,proActiv,ProActiv,c,4,4.0,314.0,35.0,7.6,0.5,0.5,,0.5,0.2,12.5
3242274002053,Salade & Compagnie - Antibes,sodebo,c,5,4.0,196.0,9.5,2.4,20.0,4.0,2.5,6.4,0.45,24.76
3033491993138,Kéfir Doux Nature,Activia,c,3,3.0,59.2857142857143,3.3,2.1,4.1,4.1,0.0,3.3,0.13,0.0
3366321051549,Oméga 3 doux,St Hubert,c,10,4.0,468.0,52.0,15.0,0.0,0.0,,0.0,0.42,30.0
3175681257528,Sablés Pavot Coco,"Gerblé, Gerblé Bio",c,9,4.0,456.0,17.0,3.0,64.0,18.0,5.4,9.0,0.19,2.4
7613035648494,HERTA Pâte à Pizza Fine et Ronde 265g,Herta,c,5,4.0,287.5,5.3,0.5,49.0,2.9,1.0,8.7,1.2,5.61
8410376033267,Digestive Avena,"GALLETAS GULLON S.A., gullón",c,3,4.0,3305.10948905109,18.0,1.8,65.0,0.7,5.5,7.7,0.75,0.0
3229820802138,Croustillant chocolat,Bjorg,c,7,4.0,431.666666666667,14.0,3.8,62.0,14.0,9.8,9.8,0.28,1.75
7613035781627,Bouillon Kub Légumes,Maggi,c,4,4.0,,,,,,,,,
4056489296805,Bio Knusper Müsli Früchte,"Crownfield, Lidl",c,7,4.0,441.0,14.8,4.2,63.0,14.0,8.4,9.9,0.2,6.54
5053827110983,Céréales Miel Pops,Kellogg's,c,9,4.0,384.0,1.5,0.1,85.0,22.0,4.6,5.2,0.4,0.0
8719200251649,Margarine Doux,Planta Fin,c,8,4.0,450.0,50.0,13.0,0.5,0.5,,0.5,0.3,31.1361111111111
3165950216011,Filets de maquereaux grillés natures,Saupiquet,c,3,3.0,206.0,15.0,3.9,0.5,0.5,,18.0,1.18,0.0
3661344221796,Framboise délicate,Les 2 Vaches,c,4,4.0,90.0,2.8,1.9,12.1,12.0,,3.8,0.14,7.9
3760336830586,Les fourrées cacao noisette,Funkie,c,10,3.0,423.0,15.0,2.0,68.0,21.0,4.2,7.8,0.03,13.46
3336972306046,Chips de lentilles saveur sel & poivre,Vico,c,6,4.0,454.0,19.0,1.7,55.0,3.8,7.6,13.0,0.85,45.0068730373009
3228850006035,Pain de mie longue conservation,Harrys,c,6,4.0,283.0,4.3,0.5,50.2,6.5,3.7,9.0,1.25,
3182180002436,Pain Grillé l'Original,BRIOCHE PASQUIER,c,9,3.0,388.0,3.5,0.4,76.0,4.1,4.3,11.0,1.3,0.0
8710522920725,Amora Mayonnaise 5 Ingrédients 400g,Amora,c,6,2.0,697.0,76.0,6.0,0.5,0.5,0.8,1.5,1.2,0.0
3017760771894,Biscotte gout brioche heudebert,Heudebert,c,5,4.0,432.0,5.0,2.2,32.0,5.4,1.7,5.0,0.5,0.0
3175681272934,Biscuits Petit déj Bio Céréales Miel,"Gerblé, Gerblé Bio",c,3,4.0,452.0,16.0,1.7,65.0,16.0,7.1,8.3,0.18,0.0
4056489843580,Biscuits au Germe de Blé Soja et Orange,SONDEY,c,10,4.0,457.0,16.0,1.3,65.0,18.0,4.4,11.0,0.35,10.31
3392460481114,Biscottes Pleine vie Sans sel ajouté,"Heudebert, Lu, Mondelez",c,3,4.0,407.0,6.1,2.7,74.0,4.8,3.7,12.0,0.01,0.0
6111245342696,Original Doux & crémeux,Kaiser,c,8,4.0,234.0,18.0,12.0,6.0,0.0,,10.0,0.0,0.0
8410376040425,Cuor di Cereale,gullón,c,10,4.0,459.0,19.0,1.7,59.0,21.0,11.0,7.2,0.75,10.93
8480000512239,Queso blanco pasteurizado,"Hacendado, MERCADONA",c,7,4.0,130.0,8.3,6.0,4.8,4.8,,9.0,0.7475,0.0
3421557110221,Muesli avoine amandes chocolat,TERRES ET CÉRÉALES,c,10,3.0,456.0,17.0,4.0,65.0,22.0,6.8,8.7,0.05,4.1
3168930171737,Chips nature,Lay's,c,9,3.0,513.0,29.0,2.1,55.0,0.5,5.2,6.2,0.65,14.61
7613032568436,Cappuccino soluble,"Cappuccino, Nescafe",c,4,4.0,,,,,,,,,
6111242100299,ياغورت ممزوج ناعم كريمي,Jaouda,c,4,,109.8,3.0,2.0,16.9,14.0,,3.6,0.0,0.0
3159470001424,Céréales All Bran Kellogg's Fibre Plus,Kellogg's,c,8,4.0,334.0,3.5,0.7,48.0,18.0,27.0,14.0,0.95,0.0
3302740025136,ZERO NITRITE - LE SUPERIEUR,Fleury Michon,c,8,4.0,116.0,2.8,1.0,0.7,0.7,,22.0,2.0,14.9625
8719200031524,Margarine,Fruit d’or riche en oméga 3,c,7,4.0,450.0,50.0,10.0,0.0,,,0.0,0.5,23.0
3242274034054,Salade Roma,Sodebo,c,4,4.0,62.7390057361376,6.5625,0.9375,19.0625,4.6875,2.90625,6.875,0.6875,98.64
8480000808585,Hummus Classic,"Hacendado, MERCADONA",c,3,3.0,311.0,25.8,3.3,11.1,1.0,5.5,6.0,0.855,63.7
7613036891530,MAGGI KUB OR Bouillon L'Original 128g,"Maggi, Nestlé, Kub or",c,4,4.0,,,,,,,,,
3083680484466,Taboule oriental 300g,Bonduelle,c,5,4.0,178.0,6.0,0.6,25.0,4.0,2.0,5.0,0.95,
3095754220016,Le Tranché Fin - Dégustation - 45% de sel*,Fleury Michon,c,5,4.0,115.0,2.8,1.0,0.5,0.5,,22.0,1.4,10.3
3366321053406,St Hubert,St Hubert Oméga 3,c,10,4.0,468.0,52.0,15.0,0.0,0.0,0.0,0.0,0.42,30.0
8711200548033,Amora Mayonnaise de Dijon® Flacon Souple 235g,"Amora, Unilever",c,8,4.0,,,,,,,,,
8410376009408,Doradas al horno zero sin azúcares,"GALLETAS GULLON S.A., gullón",c,4,4.0,429.2,18.0,1.5,68.0,0.5,4.0,6.0,0.4,0.0
6111032009443,Activia ananas fraise,"Danone, سنطرال دانون",c,4,,60.0,1.2,0.8,9.6,5.5,0.0,2.7,0.0,0.0
5059319023533,Rice Krispies,Kellogg's,c,8,3.0,389.0,1.2,0.4,86.0,7.9,2.9,7.0,1.0,0.0
3168930173373,Doritos cheese,"Doritos, PepsiCo",c,10,4.0,480.0,22.0,2.2,61.0,3.7,5.5,6.8,0.875,17.46
7613033687884,MAGGI Bouillon de Volaille 18 cubes - 180g,"Maggi, Nestlé",c,4,4.0,,,,,,,,,
8727200195221,8 Tortillas Maïs et Blé Extra Moelleuses,Old El Paso,c,5,4.0,289.0,4.8,0.7,51.8,4.4,2.4,8.5,0.95,1.0
8480000229663,Corn Flakes 0% azúcares añadidos,HACENDADL,c,4,3.0,373.333333333333,1.1,0.4,82.0,0.9,4.4,6.7,1.0,0.0
3560071455279,Biscuits avoine chocolat,"Carrefour BIO, Carrefour",c,7,4.0,468.0,20.0,2.7,61.0,17.0,6.7,8.4,0.18,12.75
3111902100037,Muesli Bio Croustillant Amande Vanille,Charles Vignon,c,4,3.0,457.777777777778,18.0,1.7,62.0,16.0,5.7,9.2,0.01,7.0
3154230810162,HERTA LE BON PARIS Jambon sel réduit sans nitrite x6-210g,"HERTA, Le Bon Paris",c,5,4.0,102.0,2.0,0.0,0.0,0.0,0.0,21.0,1.375,0.73
3036811363147,PurSoup' Velouté de 10 légumes,liebig,c,3,4.0,43.0,1.9,0.6,5.2,1.3,0.8,0.7,0.67,43.08
6111266962576,ديليسيوس بيرلي,COPAG,c,6,,163.6,6.7,4.9,19.4,8.5,0.0,6.4,0.0,0.0
5059319030913,Coco Pops,Kellogg's,c,10,4.0,386.0,1.9,0.9,84.0,17.0,3.8,6.3,0.65,0.0
3327272107266,Menguy's Beurre de cacahuètes crunchy,Menguy's,c,5,3.0,629.0,52.0,9.3,12.0,8.5,6.7,25.0,0.73,87.0
3560071407773,Croustillant graines de courge et de tournesol,"Carrefour BIO, CARREFOUR FRANCE, Carrefour",c,3,3.0,425.0,14.0,1.9,61.0,15.0,6.2,11.0,0.02,5.25
6111046001433,,Colainord,c,4,,58.0,3.0,3.0,4.8,4.8,,3.0,0.0,0.0
3168930174554,chips saveur barbecue,Lay's,c,8,4.0,504.0,27.0,2.1,55.0,2.8,5.3,6.5,0.65,5.46
3229820789002,Amande vanille,Bjorg,c,6,4.0,37.0,1.4,0.2,5.4,3.7,0.5,0.5,0.1,2.3
3302740044786,Plat cuisiné Moussaka Boeuf & Aubergines avec une touche de menthe douce,Fleury Michon,c,3,4.0,128.0,7.6,2.2,6.6,3.7,1.1,7.7,0.67,67.95
4335619014442,Pistaches de Californie grillées et salées,"Alesto, Lidl",c,6,3.0,614.0,51.6,6.2,7.8,7.7,12.1,23.6,1.5,98.5
4056489687337,Muesli Crunchy,Crownfield,c,6,4.0,445.0,15.8,3.0,62.0,16.0,9.8,8.9,0.00013,1.5
8711200547982,Mayonnaise de Dijon,Amora,c,9,4.0,648.0,70.0,5.6,1.6,1.5,0.5,1.2,1.8,33.8
8001665725712,Girasoli Pesto basilic et pignons,Giovanni Rana,c,10,4.0,309.0,16.0,5.3,29.0,4.6,6.9,8.7,1.1,7.62
3560070710713,Pan tostado integral,"Carrefour BIO, CARREFOUR FRANCE, Carrefour",c,6,4.0,375.0,4.0,0.5,69.0,4.0,7.5,12.0,1.4,
6111242102941,Yogurt Bnine BANANA,Jaouda,c,3,,88.1,1.7,1.2,14.3,9.3,,3.9,0.0,0.0
5053827175654,,Kellogg's,c,10,4.0,386.0,1.9,0.9,84.0,17.0,3.8,6.3,0.65,0.0
3182180002092,Grilletine froment,"Brioche Pasquier, Pasquier",c,9,4.0,427.0,9.6,2.0,70.0,9.0,6.3,12.0,0.88,0.0
6111128000217,Ain Saiss,Eau Minérale,c,4,4.0,20.0,0.0,0.0,4.9,4.9,,0.0,0.0,
8480000864833,Tortitas de arroz y legumbres,Hacendado,c,7,3.0,366.0,3.1,0.7,55.0,2.0,7.9,25.0,1.7,18.92
3302740101120,Surimi Le Moelleux,Fleury Michon,c,5,4.0,110.0,4.0,0.4,11.0,2.5,,7.5,1.6,1.54
3033490165000,Gervita,Danone,c,7,4.0,134.0,10.2,7.1,3.7,3.7,,6.9,0.09,0.0
20202392,Brazil Nuts,"Alesto, Lidl, Lidl Alesto",c,3,1.0,697.0,66.5,16.3,2.7,2.5,9.9,16.9,0.01,100.0
3600900005067,Meli mélo gourmand,Tipiak,c,3,4.0,126.0,1.2,0.2,22.0,1.7,2.7,5.1,0.64,15.49
3083681029994,Tajine de Légumes Grillés 1/2,Cassegrain,c,4,3.0,94.0,4.4,0.5,11.0,8.6,2.4,1.4,0.8,
8000430138719,mozzarella,Galbani,c,9,3.0,184.0,18.0,13.0,2.0,1.0,,17.0,0.7,0.0
3564707105675,Boisson avoine,"Bio Village, Marque Repère",c,6,3.0,49.0,1.2,0.2,7.2,5.0,0.8,0.5,0.0975,0.0
8719200031449,Fruit d'Or Oméga 3 Doux - Sans huile de palme - 450g,Fruit d'Or,c,7,4.0,450.0,50.0,10.0,0.1,0.0,,0.0,0.5,21.0
3302740483103,Filet de Saumon Purée de Brocolis,Fleury Michon,c,3,3.0,109.0,5.0,1.9,8.6,2.4,1.2,6.8,0.66,18.0
7613036750011,MAGGI Bouillon KUB Légumes Réduit en sel de -25% 120g,Maggi,c,3,4.0,,,,,,,,,
3571492670004,Parmentier de saumon 🐟,Maison Briau,c,5,3.0,154.0,10.0,3.1,7.6,1.3,1.3,7.8,0.81,3.8
3154230809302,Jambon à l'étouffée LE BON PARIS,"HERTA, Herta, Le Bon Paris",c,8,4.0,104.7,2.3,1.3,0.0,0.0,0.0,21.0,1.8,0.0
3250392243517,Boisson avoine BIO 1l,Regain,c,6,3.0,44.1,1.5,0.2,6.6,4.2,0.7,0.7,0.05,0.0
6111024001974,Huile de table équilibrée,"Cristal, Lesieur",c,5,4.0,900.0,100.0,15.0,0.0,0.0,0.0,0.0,0.0,6.33
3302740059100,Jambon de porc Label Rouge Sans Nitrite,Fleury Michon,c,6,4.0,113.0,2.8,1.0,0.5,0.5,0.0,22.0,1.5,1.20703125
3123930711703,Emmental Français Sans additif,Entremont,c,10,3.0,382.0,30.0,20.0,0.5,0.5,,28.0,0.7,0.0
3302740047398,Jambon Le Supérieur -25% de Sel,Fleury Michon,c,5,4.0,114.285714285714,2.8,1.0,0.5,0.5,,22.0,1.4,11.21
3336972109098,Chips de Lentilles Saveur Paprika,Vico,c,8,4.0,456.0,19.0,2.0,54.0,4.0,7.3,13.0,1.1,41.17
3502110009357,Pepsi Max,"Pepsi, Pepsi Max, Pepsi zero, PepsiCo",c,4,4.0,0.4,0.0,0.0,0.0,0.0,0.0,0.0,0.01,0.0
3256540001756,Pasquier,Brioche Pasquier,c,10,4.0,334.375,10.9375,1.875,50.0,11.875,4.6,7.8125,0.984375,8.27
3124480167170,Citronnade,Pulco,c,4,4.0,23.0,0.0,0.0,5.1,4.8,,0.0,0.0,
5900617012197,Masło orzechowe,Sante,c,5,4.0,616.0,50.0,8.8,14.0,9.0,6.9,24.0,0.73,91.64
3175681272927,"Gerblé - Organic Muesli Fig Apricot Spelt Cookie, 132g (4.7oz)",Gerblé Bio,c,6,3.0,452.0,17.0,1.7,63.0,16.0,8.2,7.6,0.36,10.2
8715700421957,Mayonnaise American Style,Heinz,c,6,2.0,597.514340344168,70.0,6.7,3.0,1.5,,0.8,1.0,68.0
3272770093590,St Moret Ligne & Plaisir 8%  Minis,S Môret,c,7,4.0,765.0,8.0,5.5,5.0,5.0,,10.0,1.0,0.0
8585002484079,NESTLE MAGGI KUB Bouillon Bio Volaille 80g - 8 tablettes,"Bio+, Maggi",c,4,4.0,,,,,,,,,
90375323,Coca cola zero,Coca-Cola,c,4,4.0,0.2,0.0,0.0,0.0,0.0,,0.0,0.02,0.0
3256223377406,Boisson avoine - 1L,"U, U Bio",c,6,3.0,43.0,1.2,0.2,7.0,5.0,0.8,0.5,0.08,0.0
3165440007808,Chapelure dorée,Tipiak,c,5,3.0,360.0,1.6,0.4,79.5,4.3,4.5,9.5,1.18,0.0
3165440008782,Couscous parfumé aux épices douces,Tipiak,c,3,4.0,,,,,,,,,
3270720001596,Formule boost,Daco Bello,c,9,3.0,465.0,27.0,3.0,32.0,28.0,7.3,21.0,0.02,101.52
3182180002474,Pain grillé,Brioche Pasquier,c,8,3.0,2177.77777777778,6.2,0.9,70.0,4.9,7.3,12.0,1.3,0.0
3095754136010,Rôti de Porc - 25% de sel*,Fleury Michon,c,5,4.0,122.0,2.5,0.9,0.9,0.9,,24.0,1.4,0.39
3266140058272,Suprêmes soufflés Nature 4x120g,Saint jean,c,6,3.0,216.0,15.0,2.3,14.0,0.0,,5.8,0.94,15.53
5201037709774,Yaourt Grec 10%MG,Delta,c,6,1.0,134.0,10.0,6.5,3.8,3.8,,6.5,0.12,0.0
3564706612792,Muesli 4 Noix,"Marque Repère, Grainéa",c,6,4.0,463.0,18.0,2.4,60.0,16.0,8.5,11.0,0.15,12.0
3175681060494,Sablés sésame & pavot,Cereal bio,c,10,4.0,490.0,23.0,2.3,59.0,19.0,6.5,8.6,0.25,
7613035694897,Pavé Gourmand Epinards et Fromage,Garden gourmet,c,4,4.0,214.0,10.4,2.3,19.0,1.0,3.5,9.4,0.98,
3165950049015,Filets de Sardines Citron Basilic,Saupiquet,c,3,4.0,147.0,8.4,2.5,0.5,0.5,,17.0,1.3,1.7
3278692111169,Yaourt au Lait Entier saveur Vanille,Malo,c,4,4.0,97.0,3.1,2.0,14.0,14.0,0.0,3.3,0.09,0.0
6111099000629,Huile de table,Lio,c,5,2.0,900.0,100.0,14.0,0.0,0.0,,0.0,0.0,0.0
8595229901075,Musli Oat biscuits (Blueberry),Emco,c,10,3.0,439.0,17.0,1.1,62.0,23.0,4.2,7.3,0.19,10.0
3155251204350,Primevère doux sans huile de palme,Primevère,c,9,4.0,567.0,63.0,17.0,0.1,0.1,,0.1,0.35,25.0
3270190207696,Emmental Râpé Fondant,"Carrefour, Classic'",c,10,4.0,377.0,29.0,20.0,1.0,0.5,,28.0,0.7,0.0
8480000336408,Nachos,"Hacendado, MERCADONA",c,4,3.0,488.0,22.0,2.3,61.0,3.1,6.3,8.2,0.5,0.0
3228857001507,Harrys pain de mie extra moelleux complet sans sucres ajoutés 280g,Harrys,c,3,4.0,273.0,4.6,0.4,47.0,5.1,6.0,8.0,1.1,1.2890625
3487400006745,Riz tomate à l’italienne,Ben's Original,c,5,4.0,181.818181818182,5.0,1.4,29.0,1.8,1.6,4.0,0.49,0.0
3124480185235,BLE 70CL PULCO CITRON VERT,Pulco,c,3,1.0,,,,,,,,,
3017230000059,Olives noires confites dénoyautées bocal 150g,Tramier,c,4,3.0,146.0,14.0,2.4,0.0,0.0,,1.3,2.2,97.8
4056489406679,High Protein Drink Cacao,Milbona (Lidl),c,5,4.0,64.0,0.3,0.2,5.0,4.9,0.0,10.1,0.1475,0.0
3497911119124,Chips Craquante Sel Brets,Brets,c,6,3.0,540.0,34.0,2.7,50.0,0.5,4.9,6.1,0.6,0.0
3608580124078,Be Nuts! Crémeux,Andros,c,9,4.0,614.0,49.0,9.0,20.0,15.0,4.4,21.0,0.7,0.0
5010044000701,Original Crumpets,Warburtons,c,7,4.0,176.0,0.8,0.2,35.3,2.0,2.0,6.0,1.48,0.0
3095759062017,Rôti de Porc - 100 % filet* sans nitrite  4 tranches,Fleury Michon,c,6,4.0,122.0,3.0,1.0,0.8,0.8,0.0,23.0,1.5,9.53
8711200459926,Amora Sauce Crudites Nature,Amora,c,10,4.0,253.0,26.0,2.0,4.5,2.0,0.5,0.5,1.3,26.53
4056489148739,Creamy Greek Style Natural Yogurt,Milbona,c,7,1.0,126.4,10.0,6.7,4.6,4.1,0.5,4.1,0.0975,0.0
7394376615979,Lait d'Avoine,Oatly,c,5,3.0,48.0,1.5,0.2,7.2,3.5,0.8,1.1,0.1,1.5
3502110006790,"Tropicana 100% oranges pressées sans pulpe format familial 1,5 L",Tropicana,c,4,1.0,43.0,0.0,0.0,8.9,8.9,0.6,0.8,0.0,100.0
5449000133335,Coca-Cola Zero,Coca-Cola,c,4,4.0,0.3,0.0,0.0,0.0,0.0,0.0,0.0,0.01,0.0
3660603081904,Mayonnaise comme à la maison,Bénédicta,c,7,2.0,731.0,80.1,6.0,0.8,0.1,,1.6,1.3,77.6
3560071472719,Maxi tranches complet,"Carrefour Classic, Carrefour",c,3,4.0,267.0,4.7,0.5,44.0,4.8,5.8,9.2,1.1,3.71
6111245470030,Afia huile de table,AFIA,c,5,2.0,900.0,100.0,15.0,0.0,0.0,0.0,0.0,0.0,0.0
3229820804224,Céréales complètes au chocolat noir intense,Bjorg,c,10,3.0,460.0,19.0,6.6,58.0,17.0,9.1,9.6,0.17,5.26
5411188115533,soya Vanille,alpro,c,3,4.0,57.0,1.8,0.3,6.7,6.7,0.5,3.0,0.14,7.8
3174061039129,Confiture de myrtille 70%,Léonce Blanc,c,9,4.0,173.0,0.5,0.1,40.0,37.0,3.7,0.5,0.02,75.0
3175681060524,Sablés sarrasin miel saveur citron,céréal bio,c,9,4.0,472.0,18.0,1.9,67.0,17.0,5.0,7.9,0.34,
4056489007166,Weizen Toast,Lidl,c,5,4.0,284.0,4.2,0.4,51.0,3.7,2.7,8.3,0.885,1.20625
8445290114594,Crousti fondant choco-noisettes,"Nestlé, Nat",c,10,4.0,452.0,17.4,2.4,62.8,17.5,6.2,7.7,0.22,
3487400006929,Riz à la Méditerranéenne,Ben's Original,c,3,4.0,164.0,3.3,0.4,29.0,2.1,1.3,3.7,0.53,3.6
8001665712859,Plaisir du Primeur -  Girasoli cèpes,Rana,c,8,4.0,250.0,8.4,2.4,32.0,5.7,5.5,8.7,1.1,25.0
20023775,Taboulé à l’orientale,Saladinettes,c,6,3.0,183.0,6.7,0.8,25.0,5.4,2.1,4.5,0.9,44.91
8480000205599,Yogur natural al estilo griego,"Hacendado, MERCADONA",c,7,3.0,103.2,10.8,6.7,3.9,3.9,0.0,3.9,0.12,0.0
3760049791266,6 pains suedois 180g,Boulangère,c,4,4.0,288.0,2.8,0.3,54.0,11.0,5.4,8.9,0.96,1.47
5411188131380,"Alpro Fermentiertes Kokosnussprodukt, Natur, Absolutely 350g",alpro,c,3,4.0,77.0,6.0,5.6,4.5,0.6,0.0,0.6,0.03,65.45
3280241101002,Douceur de brebis nature,Le Petit Basque,c,6,3.0,132.0,10.0,7.0,5.4,3.3,,4.8,0.11,0.0
6111029000040,Pain de sucre,Enmer,c,5,,400.0,0.0,0.0,100.0,0.0,,0.0,0.0,0.0
8710438116281,Frites de patate douce,McCain,c,5,4.0,161.0,5.5,0.4,24.0,14.0,3.5,2.0,0.295,5.25
3228857002313,Brioche tressée nature allegée en sucres sans additifs 450g,Harrys,c,7,4.0,351.0,14.0,1.2,44.0,10.0,7.0,8.7,0.82,11.56
3266980033613,Cordon bleu Le Gaulois,Le Gaulois,c,3,4.0,236.0,13.0,3.5,15.0,1.6,1.6,14.0,0.8,0.0
5010265002911,Dark Rye Crispbread,RYVITA,c,4,3.0,342.0,1.2,0.2,66.6,3.0,1.5,8.5,0.74,0.0
8076809570596,Barilla sauce tomates cuisinees 400g,Barilla,c,3,4.0,68.0,4.0,0.4,6.0,5.0,1.5,1.3,1.0,
3248832967611,St Jacques fondue de poireaux & Riz Basmati,Marie,c,3,3.0,144.0,6.2,3.0,16.0,1.2,0.6,5.8,0.59,
8410376039986,"Gullon Cuordi Cereale Tradizionale, Alto Contenuto Di Fibra",Gullon,c,8,4.0,455.0,19.0,1.7,57.0,16.0,12.0,7.9,0.75,0.0
8423352861402,Bebida de Avena,"Alitey, LIQUATS VEGETALS S.A.",c,5,1.0,47.0,0.7,0.1,8.2,5.4,0.7,1.6,0.03,0.0
8410300349051,Caldo casero de pollo,Gallina Blanca,c,3,4.0,5.0,0.3,0.0,0.2,0.1,0.0,0.4,0.75,1.1
3023290234853,Yaourt vanille de Madagascar,"Nestlé, La Laitière",c,5,4.0,95.0,3.2,2.1,12.9,12.9,0.0,2.9,0.1175,0.0
3023290036686,Riz au lait,"Nestlé, La Laitière",c,6,4.0,142.0,3.2,2.1,25.4,15.7,0.1,2.8,0.18,0.0
3245412511561,Yaourt à la GRECQUE NATURE,Carrefour,c,6,3.0,107.0,8.5,6.0,4.4,4.0,,3.2,0.09,0.0
8480000511102,Mozzarella Pizza-Roma,Hacendado,c,10,3.0,283.0,21.0,13.0,2.5,0.8,0.0,21.0,1.0,0.0
3270160860333,"Poêlée de gnocchis (tomates, mozzarella)",Picard,c,5,3.0,159.0,4.1,1.4,24.0,8.4,2.7,5.2,0.6,32.7652919501134
6111184006413,Sauce pizza star 350 g,Star,c,9,4.0,52.0,0.1,0.0,11.2,10.0,3.0,1.5,2.0,62.72
3155250321799,BRIDELIGHT LE BON MOELLEUX ALLEGE 5%MG 350g,Bridelight,c,3,3.0,145.793499043977,5.0,3.5,0.5,0.5,0.0,25.0,1.3,0.0
6111242106949,Jben,Jaouda,d,11,4.0,235.0,21.0,15.0,3.5,0.0,0.0,8.0,0.46,0.0
7622210449283,Prince,"LU, Mondelez Schweiz GmbH",d,16,4.0,466.0,17.0,5.6,68.0,32.0,52.0,6.3,0.51,2.23
6111203006653,La Hollandaise Cheddar,la Hollandaise,d,18,4.0,270.0,21.0,12.0,6.0,6.0,,9.0,1.5,0.0
3229820100234,Fourrés Chocolat Noir,Bjorg,d,18,4.0,476.0,19.0,6.3,66.0,27.0,5.2,7.6,0.49,0.0
6111259092495,Goldium crémeux,,d,11,4.0,225.0,24.0,14.0,3.0,3.0,0.1,5.0,0.32,0.0
6111246722107,Frommage fondu,REWE Beste Wahl,d,17,3.0,298.0,26.0,16.5,9.0,4.0,0.0,7.0,1.2,0.0
6111206000733,Jebli,"Danone, Centrale, Jebli",d,13,4.0,225.0,19.0,13.0,6.9,0.0,0.0,6.5,0.76,0.0
6111099003897,Tartine & Cuisine,lilia,d,18,,675.0,75.0,34.0,0.2,0.0,0.0,0.1,0.5,0.0
8410376009392,Печиво zero sugar free,"GALLETAS GULLON S.A., gullón",d,14,4.0,431.0,17.0,17.0,65.0,5.0,9.3,6.1,0.65,0.0
3412290070101,Fromage à tartiner Nature fouetté MADAME LOIK - 180g,"Le Fromage Fouetté Madame Loïk, Paysan breton",d,16,3.0,252.0,24.0,17.0,3.0,3.0,0.0,5.9,1.1,0.0
20995553,Шоколад 85% какаова маса,,d,15,4.0,554.0,44.2,26.7,35.3,12.7,15.4,11.5,0.03,0.0
6111184004129,Mayonnaise recette originale,Star,d,12,4.0,592.0,65.21,9.8,0.22,0.05,,1.12,1.75,0.0
6111259092525,Goldium Blanc Nature,"Maître Fromager, gastro mixte",d,11,4.0,170.0,18.0,10.0,3.0,3.0,0.1,5.0,0.12,0.0
3480341000636,Carré Frais,elle et vire,d,13,3.0,193.0,15.0,11.0,2.5,2.5,,12.0,1.2,0.0
3587220002252,La gâche tranchée,La Fournée Dorée,d,18,4.0,341.0,12.0,7.4,49.0,13.0,,8.1,1.12,0.0
6111246954461,,jibal,d,11,,138.0,11.5,7.7,6.14,3.5,,2.5,0.8,0.0
6111162000716,Confiture d'abricot,Delicia,d,15,3.0,272.0,0.0,0.0,67.36,50.0,,0.41,0.0,66.6666666666667
3284230011884,8 Pains au lait frais Bio 280g,"La Boulangère Bio, La boulangere",d,11,4.0,345.0,11.0,1.2,51.0,8.7,2.4,9.3,0.9,0.0
6111184001074,Confiture de Fraise,El Baraka,d,17,4.0,256.0,0.5,0.1,63.0,62.0,0.5,0.5,0.02,56.0
3088542500285,Sirop d'érable,Maple Joe,d,18,2.0,268.0,0.0,0.0,67.0,66.0,,0.0,0.02,0.0
3175680011534,Biscuit lait chocolat,Gerblé,d,14,4.0,457.0,17.0,2.8,65.0,21.0,5.0,8.5,0.74,10.81
8410076610737,NATURE VALLEY protein pind&choc.GV,Nature Valley,d,17,4.0,488.0,28.3,7.4,27.4,17.1,10.7,25.6,0.99,80.5
8425197712024,Chocolate con leche y almendras,"CHOCOLATES MARUJA S.L., Maruja",d,17,4.0,533.333333333333,32.0,26.6666666666667,53.3333333333333,0.0,0.0,5.33333333333333,0.28,5.46
3272770098090,St Môret,St Môret,d,14,4.0,205.0,17.8,13.2,3.0,3.0,,8.3,1.2,0.0
3159470000120,CORN FLAKES,"Kellogg's, KELLOGG S PRODUITS ALIMENT SAS",d,11,3.0,376.666666666667,0.9,0.2,84.0,8.0,3.0,7.0,1.1,
3251490307002,Goûter pépites de chocolat,Gerblé,d,12,4.0,451.0,16.0,3.7,67.0,20.0,5.1,7.3,0.27,6.41
3366321052386,st hubert bio & végétal,"St hubert bio & vegetal, st hubert",d,13,4.0,495.0,55.0,20.0,0.0,0.0,,0.0,0.45,11.0
8715700407760,Tomato Ketchup BIO,"Heinz, H.J. Heinz B.V.",d,14,3.0,112.0,0.1,0.1,25.3,24.8,0.0,1.4,1.7,60.74
8410076601131,Crunchy avoine et miel,Nature ValleyGeneral Mills,d,14,4.0,467.0,18.1,2.2,64.3,26.8,6.4,8.7,0.835,0.0
3041090063114,Cracotte,LU,d,14,4.0,389.0,2.7,1.0,78.0,7.9,3.0,11.0,1.6725,0.0
6111266960336,Perly fromage,"jaouda, perly",d,16,4.0,262.0,22.0,15.2,6.0,0.0,0.0,10.0,1.6,0.0
6111184000213,El Baraka Confiture D'abricots 430 G,el baraka,d,17,4.0,244.0,0.0,0.0,60.5,50.0,0.0,0.44,0.25,50.0
3067140013120,Chicorée soluble nature,LEROUX,d,9,1.0,,,,,,,,,
3412290070071,Fromage à tartiner Nature fouetté MADAME LOIK - 320g,"Paysan Breton, Paysan breton",d,16,3.0,252.0,24.0,17.0,3.0,3.0,0.0,5.9,1.1,0.0
3272770097642,Le Goût Primeur format familial,"Savencia, St Moret",d,14,4.0,205.0,17.8,13.2,3.0,3.0,,8.3,1.2,0.0
8445290133403,Nesquik,"Nestlé, Nesquik",d,9,4.0,,,,,,,,,
3228857001316,Brioche Tranchée Recette Classique,Harrys,d,15,4.0,345.0,11.0,4.3,51.0,15.0,5.0,8.0,1.1,
6111266962446,delicemo,,d,11,4.0,167.8,7.4,4.8,,20.0,,5.3,0.0,0.0
3178530410105,Petites Madeleines,St Michel,d,15,4.0,419.0,21.0,2.0,54.0,23.0,1.5,5.5,0.71,17.14
3046920028721,Dark absolute 99% cacao,"Lindt, LINDT SPRUNGLI SAS",d,16,3.0,567.0,49.0,29.0,9.0,0.49,0.0,14.2,0.06,0.0
6111184000619,Mayonnaise,Star,d,12,,592.0,65.21,9.8,0.22,0.05,,1.12,1.75,0.0
8410076601148,Crunchy Avoine & Chocolat Noir x 5 x 2 barres de 21 g,"Nature Valley, General Mills",d,14,4.0,473.0,19.8,3.4,61.5,26.8,7.0,8.7,0.65,6.375
5053990156009,Pringles Original,Pringles,d,11,4.0,528.0,31.0,3.0,54.0,0.9,4.1,6.2,1.0,0.0
3700214611548,Noir equitable 85% Pérou,Alter Eco,d,15,3.0,631.0,53.0,32.0,24.0,14.0,13.0,8.1,0.01,0.0
3033710065783,Le Chocolat,"Nestlé, Le chocolat",d,9,4.0,,,,,,,,,
3017760542890,pain grillé pelletier,Lu,d,12,4.0,387.0,4.9,2.1,71.0,2.6,5.1,12.0,1.8,0.0
87157215,Tomato Ketchup,,d,14,3.0,102.0,0.1,0.1,23.2,22.8,,1.2,1.8,59.74
3760049798890,Pain au lait bio x12 420g,la boulangère,d,11,4.0,345.0,11.0,1.2,51.0,8.7,2.4,9.4,0.9,0.0
3392460480827,Biscottes 6 Céréales,Heudebert,d,12,4.0,392.857142857143,7.6,2.3,67.0,3.2,5.2,13.0,1.6,0.0
3760091722508,Chocolat noir 85% Madagascar,ETHIQUABLE,d,15,3.0,615.0,51.0,31.0,24.0,14.0,11.0,11.0,0.0,0.0
6111251754247,Olla Crème de Cuisson Onctueuse,Olla,d,13,4.0,205.0,20.0,10.6,4.6,1.6,,1.7,0.25,0.0
7622210713780,Belvita Petit Déjeuner Chocolat,LU,d,14,4.0,439.0,14.0,3.6,66.0,27.0,6.8,7.9,0.62,7.18
5010477348395,Country Crisp - Chocolat noir 70% cacao,Jordans,d,16,4.0,446.0,15.0,8.3,66.0,23.0,5.6,8.8,0.03,4.45
20713713,Chocolat noir Equateur Bio,J.D. Gross,d,17,2.0,639.0,55.3,34.0,20.6,14.0,11.5,9.0,0.01,0.0
7622210713889,Belvita Original Petit-Déjeuner miel et pépites de chocolat,LU,d,15,4.0,448.0,15.0,2.5,68.0,29.0,5.6,7.4,0.64,10.45
8410076801180,Crunchy oats&honey,"Nature Valley, GENERAL MILLS IBERICA S.A.U.",d,14,4.0,452.380952380952,18.0952380952381,2.14285714285714,64.2857142857143,26.9047619047619,6.42857142857143,8.57142857142857,0.846428571428571,0.0
3229820004334,Le cookie Chocolat Noisette,Bjorg,d,15,4.0,506.0,26.0,4.8,58.0,30.0,6.8,6.7,0.38,21.2
3608580142966,Pâte à tartiner cacahuètes et cacao,Bonne Maman,d,12,4.0,575.0,39.0,6.0,42.0,39.0,4.0,12.0,0.1,40.0
5053990155354,Sour Cream & Onion,Pringles,d,17,4.0,525.0,30.0,6.4,56.0,2.7,3.4,6.0,1.3,2.27
3168930159896,Ice Tea Pêche,Lipton,d,7,4.0,13.0,0.0,0.0,3.1,3.0,0.0,0.0,0.03,0.1
3366321051983,Oméga 3® Doux,"St Hubert, St hubert omega 3",d,11,4.0,468.0,52.0,17.0,0.0,0.0,,0.0,0.4125,36.9666666666667
7311070032604,Krisprolls complets,Pågen,d,11,3.0,397.0,6.2,2.1,70.0,7.0,7.7,12.0,1.6,3.5
6111259342828,Petit beurre,Bé,d,18,4.0,427.0,17.5,8.5,60.0,15.3,1.2,6.6,0.23,0.0
6111028000980,Kiri carré 8p,Kiri,d,18,4.0,230.0,20.0,13.0,3.5,2.0,,9.0,1.6,0.0
6111028001024,Kiri,Kiri,d,17,,225.0,20.0,13.125,3.75,1.875,,8.75,1.625,
8076809573252,Baiocchi nocciola 260g,"Barilla G. e R. Fratelli SpA, Mulino Bianco - Barilla",d,17,4.0,510.0,26.0,5.0,59.0,23.0,4.0,8.0,0.6,7.1
3362600001106,Sablé Coco,Henry's,d,17,4.0,376.5,10.5,5.45,63.0,20.0,2.3,6.5,0.75,4.23
6111028001222,la vache qui rit,La Vache qui rit,d,18,,263.0,22.0,14.5,3.79518072289157,6.5,,10.0,1.8,0.0
7311070362664,Krisprolls,Krisprolls,d,13,4.0,432.0,11.0,4.0,70.0,10.0,3.0,9.0,0.67,9.1
3178530410143,Petites madeleines St Michel Pépites chocolat - 400g,"St Michel, St michel",d,18,4.0,425.0,21.0,2.9,55.0,29.0,1.6,5.1,0.69,8.47
3073781131925,Kiri® Crème 12 portions,"KIRI, Kiri",d,16,4.0,303.0,29.0,19.5,2.0,2.0,,9.0,1.3,0.0
4056489471264,Edelbitter Mild 90%,J. D. GROSS,d,14,4.0,593.0,50.0,30.2,16.6,7.4,15.3,11.5,0.02,0.0
3412290070385,Fromage à tartiner Nature sel réduit -25% MADAME LOIK - 150g,"Le Fromage Fouetté Madame Loïk, Paysan breton",d,13,3.0,252.0,24.0,17.0,3.0,3.0,,5.9,0.6,0.0
3046920016377,100% Cacao,Lindt,d,17,3.0,614.0,54.0,34.0,11.0,0.5,0.0,13.0,3e-05,0.0
3700214614259,Chocolat noir 75% Pérou,Alter Eco,d,18,3.0,597.0,46.0,28.0,33.0,24.0,11.0,7.3,0.01,0.0
7622210103314,Queso cremoso,"Mondelez Schweiz GmbH, Philadelphia",d,17,4.0,249.0,25.0,16.0,2.8,2.8,0.2,3.7,1.06,0.0
3229820784939,Lait de coco fluide,Bjorg,d,11,4.0,171.0,18.0,16.0,1.0,0.5,0.7,1.2,0.05,60.0
8410076610621,"Sweet & Salty Nut chocolat noir et mélange de noix, 5 barres de 30 g",Nature Valley,d,18,4.0,464.0,22.9,8.8,50.0,23.3,10.1,9.5,0.93,21.71
3175681077324,Biscuit chocolat saveur amande,Gerblé,d,13,4.0,464.0,18.0,3.1,63.0,17.0,4.8,11.0,0.7,16.25
3041090061615,Cracotte Chocolat,"LU, Mondelez",d,17,4.0,,,,,,,,,
3760091726667,Chocolat noir 80% Équateur intense et floral,ETHIQUABLE,d,17,3.0,610.0,49.0,29.0,28.0,19.0,10.0,9.9,0.0,0.0
6111206000696,Coeur de lait,Danone,d,18,,234.0,20.0,17.0,9.0,0.0,,8.0,1.7,0.0
3073781131888,verse smeltkaas,"KIRI, Kiri",d,16,4.0,303.0,29.0,19.5,2.0,2.0,,9.0,1.3,0.0
3760049798876,10 Pains au lait frais sans sucres ajoutés 350g,la boulangère,d,11,4.0,324.0,10.0,2.1,47.0,4.6,3.0,10.0,0.82,3.376171875
20815394,Mix di frutta secca,Alesto,d,15,3.0,497.0,30.4,2.7,40.9,38.2,7.4,11.2,0.01,79.85
3660140948258,Savane,Brossard,d,13,4.0,431.0,24.0,3.2,45.0,24.0,5.3,5.9,0.5,15.75
3272770094412,L'original tartare ail & fines herbes,"Fromarsac, Savencia, Tartare",d,17,3.0,348.0,34.5,24.5,2.3,2.3,0.0,7.0,1.1,4.95
3161711001971,Fromage de France,"BG SAS, Caprice des Dieux",d,14,3.0,339.388145315487,30.0,21.0,0.8,0.1,,15.0,1.3775,0.0
3011360030498,Mayonnaise Classique à l'huile de colza,Lesieur,d,18,4.0,650.0,70.0,5.5,2.8,2.0,,1.0,1.3,69.0
3154230600183,HERTA TARTE EN OR Pâte Feuilletée 230g,"HERTA, Tarte en or",d,18,4.0,383.1,20.0,9.2,42.0,1.9,1.4,6.5,1.2,2.0
3523230028431,La bûche Sainte-Maure (Poitou-Charentes,Soignon,d,13,3.0,291.0,23.0,16.0,1.0,1.0,0.0,20.0,1.5,0.0
3168930010890,Quaker Cruesli Chocolat au lait,"PEPSICO FRANCE, Quaker",d,11,4.0,471.111111111111,19.0,4.8,59.0,20.0,8.7,7.7,0.51,0.77
3412290071801,Fromage à tartiner Ail et fines herbes fouetté MADAME LOIK - 150g,"Paysan Breton, Paysan breton",d,15,3.0,241.0,23.0,17.0,3.0,2.7,0.0,5.6,1.2,2.9
6111262821150,Pindakaas,Dulcetto,d,11,4.0,583.0,48.2,9.9,24.8,2.75,0.0,24.3,1.25,90.0
7622210713926,Belvita Brut & 5 céréales complètes,"LU, Belvita",d,15,4.0,445.0,15.0,1.4,67.0,22.0,6.2,8.0,1.4,6.55
8410076610744,,Nature Valley,d,15,4.0,404.761904761905,29.5,6.75,26.0,15.75,10.75,26.0,0.925,64.29
7622300441937,Philadelphia Original,Mondelez International,d,14,4.0,226.0,21.0,14.0,4.3,4.3,0.2,5.4,0.7375,0.0
3664346315371,Grand Arôme moins de sucres,Poulain,d,7,4.0,,,,,,,,,
20150907,Cranberries,Alesto Selection,d,13,3.0,330.0,0.9,0.1,76.2,67.8,6.4,0.5,0.03,66.0
3770008009653,La pâte à tartiner cacao noisette,Funkie,d,11,3.0,263.0,14.0,1.4,35.0,30.0,4.8,4.8,0.22,48.0
8000500435731,Eat natural Protéines,EAT NATURAL,d,11,4.0,447.5,30.3,3.9,31.6,16.8,6.9,21.6,0.511,61.86
3497917000907,Chips saveur fromage du Jura,Brets,d,14,4.0,522.0,31.0,2.6,52.0,1.1,4.8,6.3,1.7,0.0
7622400013935,Noir 86% Extra intense,Côte d'Or,d,15,4.0,645.0,56.0,35.0,18.0,13.0,13.0,8.5,0.02,0.0
0022314010025,Crème de marrons de l'Ardèche,Clement Faugier,d,17,4.0,270.0,0.8,0.2,63.6,50.2,1.9,1.3,0.01,
6111162000822,Confiture de fraise,Délicia,d,17,,250.0,0.3,0.0,61.33,61.33,0.0,0.5,0.0,
3154230600121,HERTA TARTE EN OR Pâte Brisée 230g,"Herta, Tarte en or",d,17,3.0,387.8,20.0,9.2,45.0,2.0,2.3,5.8,1.0,2.64
6111203007377,Classique Douceur de lait,La Hollandaise,d,14,4.0,287.0,24.0,13.0,7.0,5.0,,10.0,1.0,0.0
3272770096850,Le  goût primeur,Saint moret,d,14,4.0,205.0,18.0,13.0,3.0,3.0,,8.5,1.175,0.0
7622210869616,Chocolat Bio noir 85%,Côte d'Or,d,15,3.0,607.0,50.0,30.0,24.0,14.0,13.0,10.0,0.13,0.0
3168930170549,Ice tea,Lipton,d,7,4.0,13.0,0.0,0.0,3.1,3.0,,0.0,0.03,0.1
7622300685782,Philadelphia nature 300g,Philadelphia,d,14,3.0,220.0,21.0,14.0,3.3,3.1,0.2,4.5,0.75,0.0
6111246722084,cream-cheese,Cream cheese,d,15,3.0,333.333333333333,33.3333333333333,20.0,3.33333333333333,3.33333333333333,0.0,6.66666666666667,0.791666666666667,0.0
5053990101597,Sour Cream & Onion,Pringles,d,12,4.0,517.0,29.0,2.9,56.0,2.1,3.5,6.3,1.18,0.76
7622210416629,La Biscotte 96% de céréales,Heudebert,d,13,4.0,408.0,7.3,3.4,73.0,6.8,3.6,11.0,1.2,0.0
8715700421353,Tomato ketchup,Heinz,d,13,3.0,102.0,0.1,0.1,23.2,22.8,0.0,1.2,1.8,62.24
6111126005221,JBEN CHERGUI,Chergui,d,11,4.0,188.8,16.0,11.2,2.8,0.1,,8.4,0.6,0.0
3273220012123,petit billy,petit billy,d,12,3.0,193.0,15.0,10.5,2.5,2.5,0.0,12.0,0.9,0.0
5053990161669,Paprika Chips,Pringles,d,12,4.0,522.0,30.0,2.8,54.0,3.2,4.4,6.7,1.3,0.5
5060042641406,Sea salt & cider vinegar,Tyrell’s,d,13,4.0,467.0,25.0,2.2,51.0,2.5,5.1,5.8,1.77,0.0
3608580823445,Confiture de fraise Intense,Bonne Maman,d,11,4.0,162.0,0.1,0.0,39.0,39.0,1.6,0.5,0.0,
3608580758686,Confiture extra de Fraises,Bonne Maman,d,13,4.0,241.0,0.1,0.0,59.0,59.0,1.2,0.4,0.0,
3700278400881,Banania Original - Cacao Céréales Touche De Banane & Miel,Banania,d,9,4.0,,,,,,,,,
6111266962644,لذيذ,Ladid,d,16,4.0,212.5,16.5,10.8,9.1,0.0,0.0,7.9,1.6,0.0
3228021170039,PRESIDENT CAMEMBERT 250g,PRÉSIDENT,d,12,3.0,269.0,21.0,15.0,0.0,0.0,0.0,20.0,1.4,0.0
3073781192186,La vache qui rit,La vache qui rit,d,17,4.0,232.0,18.0,12.0,6.5,6.5,0.0,11.0,1.7,0.0
3229820181424,Boisson Noisette,Bjorg,d,9,4.0,69.0,4.5,0.4,5.5,4.0,1.1,1.0,0.05,6.5
3168930168133,Chips recette paysanne nature,Lay's,d,13,3.0,516.0,30.0,2.2,54.0,0.5,3.9,6.2,1.3,14.19
3272770016131,Chavroux Pur Chèvre,Chavroux,d,11,3.0,162.0,13.0,9.0,2.6,2.6,0.0,8.7,1.0,0.0
6111021013208,Confiture De Fraises Aicha,"Aïcha, Extra",d,16,4.0,239.0,0.3,0.0,59.8,57.5,1.5,0.0,0.0,62.5
6111259093102,Cheeslé Blanc nature,afs,d,16,4.0,233.0,22.0,14.0,4.0,4.0,0.02,5.4,0.75,0.0
3272770004725,"9 Minis St Moret (17,8% MG)","Savencia, St Moret",d,15,4.0,205.0,17.8,13.2,3.0,3.0,0.0,8.3,1.3,0.0
6111203006646,la hollandaise,la hollandaise,d,18,4.0,270.0,21.0,12.0,,6.0,0.0,9.0,1.5,0.0
3302740039362,Rôti de Poulet - 100% filet,Fleury Michon,d,12,4.0,109.333333333333,2.2,0.7,0.5,0.5,,22.0,2.25,0.0
5449000334343,Schweppes citron 1l,Schweppes,d,8,4.0,19.2,0.0,,4.5,4.4,,0.0,0.0263,18.75
8712100751370,Amora Ketchup Flacon Souple Tête en bas 550g,Amora,d,14,4.0,99.0,0.5,0.1,22.0,21.0,0.5,1.2,2.0,72.36
6111032009870,Raibi jamila,central,d,8,4.0,58.6,1.3,0.9,10.2,7.0,0.0,1.6,0.0,0.0
3560070669981,80% cacao noir,Carrefour,d,17,4.0,732.851338432122,47.0,29.0,26.0,20.0,13.0,10.0,0.03,0.0
5449000232311,FuzeTea Thé noir glacé saveur pêche,FUZE TEA,d,8,4.0,19.0,0.0,0.0,4.4,4.4,0.0,0.0,0.03,0.1
7394376616709,Avena Barista Edition,Oatly,d,7,3.0,61.0,3.0,0.3,7.1,3.4,0.8,1.1,0.1,8.73
5053990127726,Pringles Original,Pringles,d,11,4.0,516.0,30.0,2.8,53.0,4.0,5.0,5.9,1.0,0.0
5053990107339,Pringles Original,Pringles,d,12,4.0,528.0,31.0,3.0,54.0,0.9,4.1,6.2,1.1,0.0
6111028001017,kiri 36p,Kiri,d,16,4.0,230.0,20.0,13.0,3.5,2.0,,9.0,1.6,0.0
3228021170053,La bûche fondante,"Lactalis, Président",d,14,3.0,275.0,23.0,16.0,0.5,0.5,,17.0,1.5,0.0
3061990143594,"BN - Casse Croute Biscuits, 375g",BN,d,12,4.0,381.25,5.0,1.875,76.25,25.625,2.5,7.5,0.00156,0.0
3700214614266,Chocolat 90% Pérou,Alter Eco,d,14,3.0,644.0,56.0,34.0,20.0,9.0,13.0,8.5,0.01,0.0
3497917002451,La Chips de Sarrasin au Sel de Guérande,Brets,d,13,3.0,567.0,38.0,3.1,45.0,0.6,4.6,8.9,1.1,0.0
8718114734484,Maille Mayonnaise,Maille,d,18,,664.0,72.0,5.9,1.3,1.0,0.5,1.6,1.1,0.0
8410510012196,Chocolat Noir 92% cacao,Dark Excellente,d,14,4.0,581.0,49.0,33.0,14.0,10.0,,15.0,0.02,4.84
3770018078038,Rostlinná slanina,LA VIE,d,12,4.0,218.0,15.0,1.1,4.3,1.2,3.2,15.0,2.2,0.0
6111126005085,Douceur fromage frais,Chergui,d,14,4.0,256.44,24.0,14.65,3.1,3.0,,7.01,0.61,0.0
8076809517706,Baiocchi Classici,Mulino Bianco,d,17,4.0,510.0,26.0,5.0,59.0,23.0,4.0,8.0,0.6,7.1
8410510012202,,Dark Excelente,d,17,4.0,569.0,47.0,30.0,17.0,12.0,,14.0,0.02,4.73
5449000232250,fuzetea saveur pêche 1l25,fuze tea,d,8,4.0,19.0,0.0,0.0,4.4,4.4,,0.0,0.03,0.1
3366321052003,St Hubert Omega 3 Sans Huile de Palme 500g Doux,"St Hubert, St hubert omega 3",d,11,4.0,468.0,52.0,17.0,0.0,0.0,,0.0,0.42,
7311070032581,Krisprolls,Pågen,d,11,4.0,397.0,6.2,2.1,70.0,7.0,7.7,12.0,1.5725,5.16
7622210584724,Dark chocolate,GREEN & BLACK'S ORGANIC,d,15,3.0,600.169959634586,50.0,30.0,24.0,14.0,13.0,10.0,0.1275,0.0
3019081241582,Filet de maquereaux grillés nature,Petit Navire,d,11,3.0,233.0,17.0,4.5,0.0,0.0,,20.0,1.0825,0.0
3228021170046,Emmental râpé,PRÉSIDENT,d,11,3.0,370.458891013384,29.0,21.0,1.0,0.5,,27.0,0.83,0.0
20072803,Miel de fleurs,Maribel,d,18,2.0,302.0,0.1,0.1,75.1,75.1,0.1,0.4,0.01,0.0
8480000512031,Queso crema suave,Hacendado Suave,d,15,4.0,244.0,23.0,16.0,3.7,2.5,,4.2,1.0,0.0
87157635,Tomato Ketchup,Heinz,d,14,3.0,102.0,0.1,0.1,23.2,22.8,,1.2,1.77,59.77
5053990101573,Pringles originale 165g,Pringles,d,12,4.0,530.0,31.0,3.0,55.0,0.9,2.5,6.1,1.0,0.46
8410076801197,Crunchy Oats & Dark Chocolate,"Nature Valley, GENERAL MILLS IBERICA S.A.U.",d,14,4.0,454.761904761905,19.7619047619048,3.33333333333333,61.4285714285714,26.9047619047619,6.90476190476191,8.80952380952381,0.630952380952381,0.0
8480000142139,Digestive Avena,"Hacendado, MERCADONA",d,13,4.0,477.0,21.0,2.3,61.0,18.0,6.8,7.5,1.1,0.0
3229820789149,Biscuits nappés de chocolat noir,Bjorg,d,14,4.0,471.0,21.0,7.3,57.0,21.0,7.8,9.6,0.26,14.34
3272770015523,FETA AOP GRECQUE,ISLOS,d,18,3.0,167.941363926067,23.0,13.8,0.0,0.0,0.0,16.0,2.3,0.0
3456300014556,Fourrés Chocolat🍫,"Jardin Bio étic, jardin bio étic Léa Nature",d,17,3.0,486.0,21.0,3.8,66.0,24.0,3.3,6.7,0.63,0.0
6111037000506,Margarine patissière,Ledda,d,18,4.0,657.0,73.0,34.0,2.0,0.0,,0.0,0.3,0.0
8722700113348,Amora,"Amora, Ketchup",d,16,4.0,99.0,0.5,0.1,22.0,21.0,0.5,1.2,2.0,19.11
3124480191182,PET 2L OASIS TROPICAL,"Oasis, Orangina Schweppes France",d,7,4.0,28.0,0.0,0.0,6.1,6.6,0.0,0.1,0.03,6.66
3161711000622,Caprice des Dieux,Caprice des dieux,d,14,3.0,333.0,30.0,21.0,0.8,0.1,,15.0,1.4,0.0
3451790439506,Elle & vire creme fraiche epaisse legere 12%mg poche 328g,Elle & vire,d,13,3.0,145.0,12.0,8.4,6.4,3.8,0.0,2.8,0.1,0.0
3229820787985,Crème de coco légère,Bjorg,d,11,4.0,174.0,16.0,15.0,5.8,1.6,1.1,1.2,0.08,55.0
3664346305983,Poulain,Poulain,d,16,4.0,,,,,,,,,
4056489367260,Mon p'tit plaisir,Milbona,d,13,4.0,66.3333333333333,16.8,11.7,3.3,3.3,0.5,8.2,1.0,0.0
8715700017006,Tomato Ketchup,Heinz,d,13,3.0,102.0,0.1,0.1,23.2,22.2,,1.2,1.8,60.8
7613039490266,Nesquik,"Nestlé, Société des Produits Nestlé S.A.",d,9,4.0,,,,,,,,,
3236240070405,Fromage à tartiner Echalote et Ciboulette fouetté MADAME LOIK - 150g,"PAYSAN BRETON MADAME LOÏK, Paysan breton",d,15,3.0,242.0,23.0,17.0,3.2,2.9,0.0,5.5,1.2,6.05
8001665726580,Ricotta & Épinards,Giovanni Rana,d,12,4.0,251.0,11.0,4.5,25.0,6.7,4.1,11.0,1.1,15.28
3073781131963,Kiri® Crème 24 portions,"Kiri, kiri",d,16,4.0,303.0,29.0,19.5,2.0,2.0,,9.0,1.3,0.0
3608580823490,Myrtille Intense,Bonne Maman,d,11,4.0,163.0,0.2,0.0,39.0,39.0,1.8,0.5,0.0,68.32
8711200584383,Vinaigrette Légère Huile de Sésame & Sauce Soja Graines de Sésame Torréfiées 36 cl,"Maille, Unilever",d,16,,373.0,37.0,3.3,6.3,5.5,0.7,1.9,1.8,0.0
6111242104617,crème cuisson,Jaouda,d,13,4.0,190.0,18.0,12.7,4.5,0.0,,2.5,0.0,9.375
3154230812616,HERTA Trésor de Grand Mère pâte feuilletée pur beurre 280g,"HERTA, Trésor de Grand Mère",d,18,3.0,388.8,20.0,14.0,41.0,1.6,1.0,7.2,1.0,0.5
8721800402055,Leerdammer original 8 tranches 200g,Leerdammer,d,14,3.0,352.0,27.5,18.5,0.1,0.1,,26.0,1.5,0.0
7622210713803,Petit Déjeuner Chocolat,"Belvita, LU, Mondelez",d,14,4.0,439.0,14.0,3.6,66.0,27.0,6.8,7.9,0.62,16.78
3174061039105,Confiture de fraises allégée en sucres,Léonce Blanc,d,13,4.0,168.0,0.4,0.1,40.0,38.0,1.4,0.6,0.025,0.0
7622210422163,La Paille d'Or aux framboises,"Lu, Mondelez International",d,18,4.0,363.0,1.2,0.2,82.0,51.0,2.4,4.5,0.12,18.34
8711327615380,Crème glacée Vanille de Madagascar,"Carte D'Or, Les Essentiels, Unilever",d,11,4.0,185.0,8.4,5.7,24.0,17.0,0.5,2.4,0.11,0.0
5053990107384,Sour Cream & Onion,Pringles,d,12,4.0,517.925430210325,30.0,2.9,54.0,2.0,4.0,6.3,1.1,0.0
6111184000244,Confiture d'abricots,El Baraka,d,17,4.0,248.0,0.17,0.0,61.24,60.0,,0.48,0.06,50.0
3451790988042,La Crème Entière De Normandie 30%MG,Elle & Vire,d,16,4.0,292.0,30.0,21.0,3.2,3.2,0.0,2.3,0.08,0.0
5900617002983,Granola chocolate / pieces of chocolate,"Nutrition sante, Sante",d,13,4.0,456.0,16.0,3.3,66.0,22.0,6.7,8.6,0.61,0.0
8410376059373,Gullon ostya Kakaó 60g,"GALLETAS GULLON S.A., Gullón",d,15,4.0,434.0,22.0,13.0,68.0,0.5,3.4,4.4,0.15,0.0
3664346306621,tablette poulain fine et gourmande 70% noir moin 2%sucre,"Fine gourmande, Poulain",d,11,4.0,539.0,44.0,27.0,34.0,0.5,11.0,7.6,0.01,0.0
3176582033563,Coulommiers Doux et Crémeux,"CF&R, Cœur de Lion, Savencia",d,13,3.0,283.0,23.0,16.0,1.0,0.1,,18.0,1.5,0.0
3560070157198,Queso rallado parmesano,"Carrefour, Carrefour Extra",d,14,3.0,402.0,30.0,20.0,0.0,0.0,0.0,32.0,1.6,
3228857001347,Harrys brioche tranchee pepites de chocolat sans additif 485g,"Harry's, Harrys",d,11,4.0,357.0,13.0,2.7,50.0,17.0,5.2,7.5,0.65,
6111028001239,,La vache qui rit,d,13,,222.857142857143,18.8571428571429,12.5714285714286,5.71428571428571,5.71428571428571,,12.5714285714286,0.9,0.0
8410261643014,Simon life,"Don Simón, J. GARCIA CARRION S.A.",d,8,4.0,20.0,0.1,0.0,4.8,4.8,,0.0,0.03,4.8
3478820005654,Pâte à tartiner Noir cacaopasta imp,"Jardin Bio étic, Jardin biologique, Léa Nature",d,16,4.0,553.0,38.0,6.1,41.0,34.0,9.5,7.1,0.04,0.0
3392460510050,LU - Grany pommes,LU,d,17,4.0,408.653846153846,13.0,3.8,70.0,24.0,3.0,4.7,0.62,14.7
3587222521508,Brioche tranchée à la crème fraîche,La Fournée Dorée,d,13,4.0,310.0,8.0,2.7,50.0,11.0,,8.3,1.32,4.5
3073781192254,La vache qui rit,La vache qui rit,d,17,4.0,232.0,18.0,12.0,6.5,6.5,,11.0,1.7,0.0
8585002517968,,Vitala,d,13,4.0,253.0,26.0,25.0,3.3,3.0,,2.3,0.18,0.0
6111242103696,Yaourt grec,Jaouda,d,12,,150.0,8.0,8.0,16.1,16.1,,3.3,0.0,
3245550078681,Tomato flavoured snack,Too good,d,16,4.0,244.705882352941,9.8,1.1,58.5,7.9,8.6,16.3,2.7,0.0
8410376047578,Digestive Avena Naranja,Gullón,d,12,4.0,475.0,21.0,2.6,60.0,18.0,6.8,8.1,0.965,1.74
3168930167983,Pomme de terre nature,Lay's,d,12,3.0,549.0,37.0,3.3,45.0,0.0,4.9,5.7,1.1,16.65
5053990127740,Pringles Sour Cream,Pringles,d,12,4.0,519.0,30.0,2.9,54.0,2.0,4.0,6.3,1.1,0.48
6111242106666,Jutos,Jaouda,d,7,4.0,42.2,0.0,0.0,10.0,8.0,0.0,0.0,0.05,21.4285714285714
6111184001173,Confiture de fraises,EL BARAKA,d,17,4.0,245.5,0.16,0.0,61.3,60.0,,0.47,0.0,60.0
50457236,Tomato Ketchup,Heinz,d,14,3.0,102.0,0.1,0.0,23.2,22.8,0.0,1.2,1.8,52.71
3608580823476,Framboise Intense,Bonne Maman,d,11,4.0,171.0,0.5,0.1,39.0,38.0,2.3,0.7,0.0,71.875
7622210713902,Belvita original  - Biscuits petit déjeuner miel & pépites de chocolat,"Belvita, Lu, Mondelez",d,15,4.0,444.0,15.0,2.5,67.0,28.0,5.7,7.3,0.69,10.59
3073781177916,Mini Babybel Original,"Babybel, Mini babybel",d,14,3.0,295.0,23.0,15.5,0.1,0.1,0.0,22.0,1.7,0.0
3038359004544,Sauce Tomate concentrée cuisinée aux petits légumes,"Panzani, panzani",d,16,4.0,137.0,7.3,0.5,14.0,9.3,2.0,2.8,2.9,55.3
3123930650026,Comté,Entremont,d,11,3.0,410.0,34.0,22.0,0.5,0.5,,26.0,0.8,0.0
3155251205388,Crème légère semi épaisse 18%,Bridélice,d,14,4.0,194.0,18.0,12.0,5.7,3.8,,2.3,0.12,0.0
4056489369134,Biscuits Germe de Blé et Pépites de Chocolat,"Lidl, Sondey",d,14,4.0,467.0,18.0,2.8,65.0,21.0,4.2,9.1,0.69,11.7
3154230802310,HERTA Allumettes Fumées conservation sans nitrite - 2x75g,Herta,d,18,4.0,239.0,19.0,7.0,0.0,0.0,0.0,17.0,2.2,0.0
3608580823452,Confiture Abricot INTENSE,Bonne Maman,d,11,4.0,164.0,0.2,0.0,39.0,39.0,1.6,0.8,0.0,71.875
3229820129112,Amande intense,Bjorg,d,8,4.0,61.0,4.0,0.4,4.5,4.0,0.9,1.2,0.09,7.0
3017760819121,Chamonix,"LU, Mondelez",d,16,4.0,340.12354758,1.53846153846154,0.769230769230769,75.3846153846154,42.3076923076923,1.53846153846154,4.15384615384615,0.0192307692307692,7.38
87157277,Tomato Ketchup 910g,"Heinz, Fach 3",d,13,3.0,102.0,0.1,0.1,23.2,22.8,,1.2,1.8,64.58
3412290070088,Fromage à tartiner Nature fouetté MADAME LOIK - 460g,Paysan breton,d,16,3.0,252.0,24.0,17.0,3.0,3.0,0.0,5.9,1.1,0.0
3497917002741,Chips saveur Pesto Mozzarella,Brets,d,12,4.0,522.0,31.0,2.6,52.0,3.4,4.8,6.3,1.4,0.0
3165957058010,Filets de Maquereaux à la moutarde,Saupiquet,d,11,4.0,201.0,17.0,3.2,0.6,0.3,0.6,11.0,1.3,0.0
8964000577066,Hemani Coconut Oil Pure & Natural (400ML),Hemani,d,14,,126.0,14.0,13.0,0.7,0.0,,0.0,0.0,0.0
5059319025711,Special K Chocolat Noir,Special K,d,12,4.0,424.0,6.1,3.2,81.0,17.0,6.0,8.2,0.64,0.0
3256540001008,pain au chocolat pasquier x8,Pasquier,d,18,4.0,379.0,17.0,10.0,50.0,14.0,4.8,7.2,0.82,2.64
3256540002890,Pains au lait Bio,Brioche Pasquier,d,11,4.0,349.0,11.0,2.0,54.0,11.0,4.6,10.4,1.1,0.0
8010721001509,Parmigiano Reggiano Revet Fersk Parmesan DOP 60g,OLUF LORENTZEN AS,d,14,,402.0,30.0,20.0,0.0,0.0,0.0,32.0,1.6,0.0
3027030011810,Sticks et bretzels d'Alsace,"Dr. Oetker, ANCEL",d,14,3.0,391.0,4.8,0.4,73.0,3.2,6.2,10.0,2.8,0.0
3248830000143,Pâte à tarte brisée - Pur beurre,Marie,d,18,3.0,367.0,19.0,13.0,41.0,2.3,2.3,6.9,0.94,
3023290035801,Le Petit Pot de Crème au Chocolat,"Nestlé, La Laitière",d,11,4.0,179.0,9.9,5.8,17.6,17.0,1.6,4.7,0.1,0.0
4056489366461,Extra Dark 85% Cocoa,fin CARRÉ,d,15,4.0,585.0,48.1,29.0,21.2,12.8,14.0,10.5,0.02,0.0
3256540001787,brioche tressée à la main,pasquier,d,15,4.0,342.0,13.0,5.0,50.0,14.0,2.6,8.0,0.92,3.30078125
3073781178005,Babybel,"Babybel, Mini babybel",d,14,3.0,295.0,23.0,15.5,0.1,0.1,,22.0,1.7,0.0
3560071269494,Barre Céréales CHOCOLAT,"Carrefour BIO, Carrefour",d,16,4.0,405.0,9.6,3.4,73.0,33.0,3.3,5.1,0.03,0.0
3372900020059,Mousse au chocolat à L'ANCIENNE,Marie Morin,d,18,4.0,348.0,25.0,15.0,21.0,19.0,,8.1,0.41,0.0
3168930168195,Chips paysanne nature,Lay's,d,14,3.0,514.0,30.0,3.2,54.0,0.5,3.9,6.2,1.3,5.77916666666667
8901719134852,Parle G biscuit,Parle,d,13,,3.4,13.0,6.0,77.3,25.5,0.0,6.9,0.0,
20815882,Chocolate negro. Cacao 95% mínimo,J.D. Gross,d,12,3.0,600.0,51.2,31.2,12.8,2.4,10.4,12.8,0.03,0.0
3228857001132,Doo Wap pépites choco,Harrys,d,13,4.0,340.0,12.0,3.5,47.0,18.0,4.4,8.0,0.75,
4056489424925,Smooth Peanut Butter,Maribel,d,12,2.0,661.0,53.0,13.2,14.9,7.2,3.9,29.2,0.93,94.0
3451790011245,Le Beurre Doux Leger 41%MG Barquette,Elle et Vire,d,17,4.0,380.0,41.0,24.9,3.2,0.4,0.0,0.3,0.31,0.0
8019428000105,Boisson avoine naturel,The Bridge,d,8,3.0,52.0,1.6,0.2,8.2,5.6,,0.9,0.08,0.0
3175681123014,Fourré Cacao sans sucres,Gerblé,d,11,4.0,456.0,22.0,4.8,64.0,0.0,3.1,6.9,0.64,0.0
8858135002879,Lait de coco,Real Thai,d,8,1.0,185.0,19.0,17.0,2.0,2.0,,1.6,0.05,85.0
3175681060586,Sablés bio chocolat noir intense,Céréal Bio,d,17,4.0,486.0,22.0,5.2,62.0,27.0,6.0,7.1,0.52,0.0
3048282322646,Lulu L'Ourson Chocolat,"LU, Mondelez International",d,16,4.0,392.0,15.0,2.9,59.0,31.0,1.8,5.1,0.58,7.74
54022263,cola,Schweppes,d,8,4.0,20.0,0.0,0.0,4.56,4.56,,0.0,0.05,0.0
3228857001323,Brioche tranchée nature ss additif,Harrys,d,15,4.0,345.0,11.0,4.3,51.0,15.0,5.0,8.0,1.1,
8411414014385,,Florbú,d,11,,433.0,19.0,5.1,67.0,2.5,5.0,6.7,0.7,
6111203007384,LA HOLLANDAISE CLASSIQUE 64P,,d,13,4.0,287.0,24.0,13.0,10.0,1.0,,5.0,0.6,0.0
3154230802341,HERTA Allumettes nature conservation sans nitrite - 2x75g,Herta,d,18,4.0,239.0,19.0,7.0,0.0,0.0,0.0,17.0,2.2,0.0
3660603004774,Sauce Béarnaise bocal,Bénédicta,d,11,4.0,477.0,50.9,3.8,4.0,1.8,,0.5,2.1,57.62
3660140953351,Savane chocolat,Brossard,d,13,4.0,432.0,23.0,3.5,48.0,24.0,5.5,5.3,0.53,14.4
3073781192339,Fromage Produit laitiers,LA VACHE QUI RIT,d,13,4.0,228.0,17.5,6.0,11.5,6.0,,11.5,1.7,0.0
3155250001554,Crème fraîche épaisse,Bridélice,d,14,4.0,169.0,15.0,10.0,6.0,3.9,,2.5,0.11,0.0
3045320001570,Confiture Framboises,Bonne Maman,d,16,4.0,239.0,0.2,0.0,57.0,57.0,3.4,0.7,0.0,54.6875
3451790439353,Elle & vire creme fraiche epaisse entiere 30%mg poche 324g,"Elle & vire, Savencia",d,16,1.0,292.0,30.0,21.0,3.1,3.1,0.0,2.3,0.08,0.0
3155251205395,Bridélice Crème légère fluide 12%Mat. Gr.,Bridelice,d,13,4.0,144.0,12.0,7.8,5.6,4.2,,3.1,0.12,0.0
3760091725554,chocolat côte d\'ivoire 88%,ETHIQUABLE,d,15,3.0,626.0,53.0,32.0,21.0,11.0,11.0,11.0,0.1,0.0
3362600017619,Spofy,henry's,d,14,4.0,426.0,18.8,2.8e-06,59.0,32.8,1.4,4.8,0.0,0.0
6111032009146,Actimel,Danone,d,8,4.0,74.0,1.8,1.2,13.0,5.0,,1.9,0.0,0.0
3256549999870,Briochettes,Pasquier,d,12,4.0,359.0,13.0,3.0,54.0,11.0,3.8,7.9,1.0,6.71990740740741
8410066131334,Mayonesa sabor tradicional,"Heinz, Kraft",d,16,1.0,372.0,37.0,4.1,7.3,3.0,,0.7,1.8,0.0
8435185101112,Orangina et sa Pulpe !,"Orangina, Orangina Schweppes, Schweppes",d,9,4.0,42.0,0.0,0.0,10.0,9.8,,0.1,0.01,42.0
3587220551507,La Gâche Tranchée aux pépites de chocolat,La Fournée dorée,d,15,4.0,350.0,12.0,4.9,51.0,17.0,,8.2,1.2,1.95
3564707142700,Chocolat noir dégustation 85% cacao bio,"Bio Village, Marque Repère",d,16,3.0,635.0,55.0,34.0,20.0,15.0,12.0,9.1,0.01,0.0
3168930171058,Pêche Ice Tea,Lipton,d,8,4.0,19.0,0.0,0.0,4.4,4.3,,0.0,0.03,0.1
6111266680098,campo verde,Landor,d,14,4.0,277.0,19.0,9.0,9.0,7.0,,5.0,0.85,0.0
7394376616228,The original oat-ly barista edition oat drink,Oatly,d,7,3.0,61.0,3.0,0.3,7.1,3.4,0.8,1.1,0.0975,2.21
8712566246496,L’original,Maille,d,11,4.0,22.0,0.5,0.1,0.5,0.5,2.7,1.2,2.4,38.54
8480000235794,Ketchup,Hacendado,d,13,4.0,115.0,0.0,0.0,27.0,20.5,,1.3,1.8,72.99
20815400,Noix de cajou & cranberries,Alesto,d,17,3.0,468.0,23.6,4.3,50.6,38.1,5.4,10.5,0.02,80.0
3175681790285,Sésame Chocolat,Gerblé,d,14,4.0,481.927710843373,20.0,4.4,60.0,21.0,5.6,10.0,0.6,6.55833333333333
3073781180848,Boursin Ail & Fines Herbes,"Boursin, Boursin atartiner/core cheese",d,17,3.0,385.0,37.0,25.0,3.0,2.2,,8.5,1.3,3.8
6111184001180,Confiture de fraise,El Baraka,d,17,4.0,248.0,0.16,0.0,61.3,60.0,,0.47,0.0575,60.0
3045320008401,Confiture fraise -30% de sucres,Andros,d,11,4.0,164.0,0.1,0.0,40.0,40.0,1.1,0.3,0.0,
3259426021053,Le Moelleux,Ker Cadélac,d,18,4.0,437.0,25.0,2.2,48.0,26.0,,5.9,0.93,22.89
3240931545264,GIRASOLI RICOTTA EPINARD,"Lustucru, Lustucru selection",d,12,4.0,244.0,10.0,4.0,29.0,3.6,2.9,8.1,1.1,26.2007295005342
5053990161966,Texas BBQ,Pringles,d,13,4.0,523.0,30.0,2.9,55.0,3.9,4.1,6.3,1.1,0.0
6111184001098,confiture,el baraka,d,18,4.0,257.0,0.5,0.1,63.0,62.0,,0.7,0.03,18.75
8445290991867,NESTLÉ DESSERT 80% Puissant 170g,"Nestlé, Dessert",d,16,4.0,611.0,49.6,29.8,24.1,16.2,12.9,10.4,0.01,
8410188012092,Kelloggs corn flakes the original,Kellogg's,d,11,3.0,383.205863607393,0.9,0.2,84.0,8.0,3.0,7.0,1.1,0.0
3523230029681,Sainte-Maure,Soignon,d,13,3.0,291.0,23.0,16.0,1.0,1.0,,20.0,1.5,0.0
3272770014656,Fromage à tartiner Ail & Fines herbes,Tartare,d,15,3.0,333.0,32.0,22.0,2.2,2.2,,9.0,1.0,2.6
6111017046029,Tentation,Aiguebelle,d,16,4.0,541.0,45.5,27.3,30.3,0.2,,7.0,0.01,0.0
3178530410112,Petites Madeleines,St Michel,d,16,4.0,441.0,22.0,2.3,55.0,23.0,1.1,5.8,0.72,18.5
6111032008125,Gervais fromage à la créme,Gervais,d,13,,255.0,23.0,15.6,6.0,0.0,,6.0,0.6,0.0
20842499,Organic Sesame Biscuits,"Biscuiterie De L'Abbaye, Lidl, Sondey",d,13,3.0,481.0,21.0,2.3,61.0,20.0,4.7,9.6,0.5,0.0
8722700125174,Amora Sauce Burger 260g,Amora,d,11,4.0,240.0,21.0,1.7,11.0,6.9,0.6,1.1,1.3,33.72
8410376026979,Digestive Muesli,Gullón,d,11,4.0,462.0,18.0,2.0,64.0,21.0,7.0,7.5,0.7,9.25
3760091727824,Chocolat noir 74% Côte d'Ivoire,Ethiquable,d,18,3.0,592.0,46.0,28.0,29.0,24.0,15.0,8.2,0.14,0.0
3228023230090,Comté Le Montarlier,Président,d,12,3.0,406.309751434034,34.0,24.0,0.0,0.0,,26.0,0.85,0.0
3336971209133,Curly cacahuete,"Vico, Curly",d,14,4.0,,,,,,,,,
3263670923414,Foie de Morue nature au sel de Guérande,Connétable,d,18,3.0,560.0,59.0,9.7,2.3,0.0,0.8,4.6,0.8,0.0
5411188127697,Barista Hafer,alpro,d,7,4.0,59.0,3.0,0.3,6.7,3.3,1.0,0.8,0.13,2.41
3760020505929,Bouillon cube légumes dégraissé,"Jardin Bio étic, Léa Nature",d,17,4.0,,,,,,,,,
3760056260076,Parmigiano Reggiano,Casa Azzurra,d,14,3.0,402.0,30.0,20.0,0.0,0.0,0.0,32.0,1.6,0.0
3497911101129,Chips saveur Poulet Braisé,Brets,d,12,4.0,522.0,31.0,2.6,52.0,0.8,4.8,6.3,1.4,0.7
3564707101349,sirop d'agave,"Bio Village, Marque Repère",d,16,1.0,324.0,0.5,0.1,77.0,71.0,5.7,0.0,0.06,0.0
5053990162703,Pringles,Pringles,d,16,4.0,519.0,29.0,6.3,56.0,3.3,3.9,6.5,1.2,0.0
7394376616501,Haver barista edition,Oatly,d,7,3.0,61.0,3.0,0.3,7.1,3.4,0.8,1.1,0.1,2.21
50112784,Lemon,"Aquarius, The Coca-Cola Company",d,8,4.0,19.2,0.0,,4.4,4.4,,0.0,0.05,0.0
6111032009153,Actimel,"Danone, Actimel",d,8,4.0,74.0,1.8,1.2,13.0,5.0,,1.9,0.0,0.0
87157154,Classic Barbecue - Smokey & Rich,Heinz,d,14,,138.0,0.2,0.1,34.0,29.0,,0.9,1.2,0.0
3700214616994,République Dominicaine 80%,Alter Eco,d,17,3.0,622.0,51.0,31.0,28.0,19.0,11.0,7.3,0.01,0.0
3073781192216,"La vache qui rit 17,5%MG",La vache qui rit,d,17,4.0,232.0,18.0,12.0,6.5,6.5,,11.0,1.7,0.0
6111242106789,Délicimo : Stracciatella,Jaouda,d,11,4.0,168.0,7.4,4.8,20.0,20.0,0.0,5.3,0.0,0.0
3608580942764,Gourmand & Végétal Mousse au chocolat 4 x 55 g,"Andros, Andros Gourmand & Végétal",d,12,4.0,163.0,8.2,5.3,19.3,16.2,1.8,2.2,0.22,31.8
3392460481671,Grany Noisettes 5 céréales,LU,d,15,4.0,456.730769230769,21.6346153846154,4.32692307692308,57.6923076923077,18.2692307692308,3.84615384615385,6.73076923076923,0.576923076923077,16.94
8480000607225,Chocolate negro 85% cacao,MERCADONA,d,15,4.0,600.0,49.0,30.0,20.0,14.0,14.0,12.0,0.03,0.0
4335619185227,Sirop d'Agave du Mexique,Maribel,d,18,1.0,305.0,0.5,0.1,75.0,75.0,0.0,0.5,0.03,0.0
3336970711064,Curly cacahuète l'original,"Vico, Curly, Intersnack",d,13,4.0,486.0,24.0,3.2,52.0,1.4,5.5,13.0,1.5,30.0
7622201693916,Full fat soft cheese,PHILADELPHIA,d,14,4.0,226.666666666667,21.0,14.0,4.3,4.3,0.2,5.4,0.75,0.0
3366321055516,l'original,St Hubert,d,17,4.0,477.0,53.0,26.0,0.0,0.0,0.0,0.0,0.42,17.54
3124480186850,INDIAN TONIC,Schweppes,d,9,4.0,19.0,0.0,0.0,5.8,5.8,,0.0,0.0,0.0
3560071276539,Tableta chocolate negro 85%,"Carrefour BIO, CARREFOUR FRANCE",d,16,3.0,631.0,55.0,34.0,20.0,15.0,12.0,9.1,0.01,
3178530410136,Madeleines aux œufs de poules élevées en plein air,St Michel,d,17,4.0,476.0,27.0,2.5,52.0,22.0,1.0,5.7,0.88,24.5
3088866541056,Brossard le cake à l'anglaise,Brossard,d,14,4.0,351.0,9.3,1.0,61.0,37.0,3.2,4.1,0.33,41.37
3560071005214,90% cacao noir,Carrefour,d,14,4.0,622.0,54.0,34.0,16.0,9.7,13.0,12.0,0.03,0.0
3250391422715,L'intense chocolat noir 85%,"Intermarché, Ivoria, Les créations",d,15,4.0,601.0,49.0,30.0,22.0,13.0,14.0,11.0,0.0,0.0
6111032006985,Danao Pèche-Abricot,Danone,d,9,4.0,37.0,0.01,0.01,8.7,7.9,,0.5,0.0,7.16
6111266680135,fondiz,land'or Maroc industries,d,14,4.0,277.0,19.0,9.0,9.0,7.0,0.0,5.0,0.85,0.0
3229820004341,Pain d'épices miel,Bjorg,d,15,4.0,329.0,1.0,0.2,78.6,40.0,3.6,3.2,0.35,0.0
3609200010054,Rice crackers sea salt,N.A! Nature Addicts,d,11,4.0,429.0,8.0,2.0,82.0,0.8,0.8,6.9,1.1,1.5
7622210416667,Pain grillé Pelletier,"LU, Pelletier",d,13,4.0,389.0,4.8,2.0,72.0,2.5,0.9,12.0,1.8,0.0
3392460460409,Crackers heudebert,"Heudebert, LU, Mondelez",d,17,3.0,430.0,12.0,5.0,68.0,1.0,3.0,11.0,1.8,0.0
3392780002648,Truite Fumée de France,Ovive,d,16,3.0,155.0,7.4,1.2,0.5,0.5,,22.0,3.0,0.0
50457250,Tomato Ketchup,Heinz,d,13,3.0,100.0,0.1,0.1,23.2,22.8,,1.2,1.77,60.945
3700214616970,95 % Ghana,Alter Eco,d,14,3.0,655.0,59.0,36.0,15.0,4.0,14.0,9.0,0.01,
8001060001329,Sauce Arrabiata,Saclà,d,13,4.0,288.0,27.0,3.0,7.1,6.7,,2.2,2.0,78.9615384615385
8906010500559,Mung Dal,Balaji,d,16,,504.0,17.5,8.0,54.5,1.0,,22.7,0.963,0.0
7613034916891,Nesquik Original,"Nesquik, Nestlé",d,9,4.0,,,,,,,,,
3176582033327,Camembert,Le Rustique,d,13,3.0,268.0,20.0,14.0,1.0,0.5,0.0,21.0,1.5,0.0
3023290007310,Petit nesquik,Nestlé,d,11,4.0,160.0,6.1,4.0,21.6,17.8,0.5,4.2,0.53,0.0
7622300315733,Philadelphia Original,"Mondelez, Philadelphia",d,14,4.0,225.0,21.0,14.0,4.3,4.3,0.2,5.4,0.75,0.0
3041090063152,cracotte,lu,d,13,3.0,389.0,2.6,1.0,78.0,12.0,2.8,12.0,1.4,0.0
8410076600448,Nature valley crunchy oats and berries,Nature Valley,d,15,4.0,452.38,16.9,2.61905,71.42,30.2381,6.19048,7.38,0.66667,0.5
6111184000190,Konfitura Morelowa 240g*EL Baraka*,"Al baraka, el baraka",d,17,4.0,240.0,0.0,0.0,60.0,60.0,0.5,0.6,0.025,50.0
6111126000905,قشدة طرية,CHERGUI,d,15,1.0,,,,,,,,,0.0
5053990167807,Pringles Original,Pringles,d,11,4.0,528.0,31.0,3.0,54.0,0.9,4.1,6.2,1.0,0.0
3564700257647,Chocolat 85%,Equador,d,15,3.0,561.0,43.0,28.0,24.0,16.0,17.0,11.0,0.0,0.0
3265479724001,Vinaigrette Balsamique Ciboulette - Echalotes,Puget,d,16,4.0,304.0,32.0,3.8,2.4,1.4,,0.3,2.2,36.72
4056489546085,Bio crackers Emmental et graines de courge,maître Jean pierre,d,12,3.0,442.0,18.0,4.8,47.0,2.4,10.0,18.0,1.8,15.0
6111259346710,Supreme Original,Supreme,d,17,,298.04,17.08,12.89,32.77,14.77,1.28,3.31,0.07,
3608580823513,Confiture fruits rouges intenses,Bonne Maman,d,11,4.0,165.0,0.2,0.0,39.0,39.0,2.3,0.6,0.0,
3095758914010,Allumettes de Jambon,Fleury Michon,d,11,4.0,113.333333333333,3.73333333333333,1.46666666666667,1.86666666666667,1.86666666666667,,18.6666666666667,1.86666666666667,1.24289772727273
3478822005249,Ketchup,Jardin Bio étic,d,13,3.0,92.0,0.6,0.2,18.0,17.0,1.7,1.8,2.1,75.1
5053990101542,pringles hot & spicy,Pringles,d,11,4.0,521.0,30.0,2.9,54.0,2.4,4.3,6.6,1.1,1.84
7311070019780,Rollitos de canela IKEA,Pågen,d,14,4.0,373.0,14.0,2.5,52.0,19.0,0.0,7.3,0.76,28.58
4000177158319,Multivitamin Capri-Sun,Capri-Sun,d,8,4.0,31.0,0.0,0.0,7.3,7.3,0.0,0.0,0.0,2.9
8480000125866,Chocolate negro 99% cacao,Hacendado,d,12,3.0,610.0,54.0,34.0,8.0,1.0,16.0,15.0,0.19,0.0
3181232138451,Maxi Cheese Burger,Charal,d,14,4.0,256.0,13.0,4.8,20.0,5.9,,13.0,1.38,6.75
8001665726573,Pâtes fraîches jambon cru,Rana,d,14,4.0,293.0,8.3,3.2,39.0,4.0,2.2,15.0,1.5,0.0
3018930004903,Bretzels d'Alsace maxi,"Dr. Oetker, Ancel",d,15,3.0,399.0,6.4,0.6,73.0,1.8,4.6,10.0,2.5,0.0
3564700014660,Emmental râpé,"Marque Repère, Les Croisés, Scamark (Filiale E. Leclerc)",d,11,3.0,371.0,29.0,21.0,0.5,0.5,0.5,27.0,0.83,0.0
3175680013231,Choco Noisette,Gerblé,d,14,4.0,477.0,22.0,3.2,60.0,31.0,4.7,7.4,0.18,17.69
3250392538811,SIROP D'AGAVE BIO 250mL,Regain,d,18,1.0,304.6,0.0,0.0,75.0,72.0,2.3,0.0,0.0,0.0
20840273,Brioche tranchée,Maître Jean Pierre,d,15,4.0,357.0,12.4,3.6,53.2,10.1,1.6,7.3,1.03,4.8791015625
7613036012249,NESQUIK Poudre Cacaotée boîte 500g,"Nesquik, Nestlé",d,9,4.0,,,,,,,,,
3272770014168,Saint Moret bio,"ST MÔRET, Savencia",d,15,4.0,238.0,22.0,16.0,3.7,3.7,,6.2,1.0,0.0
3292070005178,Tarama Extra,"Delabli, l'atelier Blini",d,13,4.0,483.0,46.5,3.4,7.8,1.0,0.6,8.1,1.11,47.3
3154230805984,HERTA TARTE EN OR Pâte Feuilletée sans huile de palme 230g,"HERTA, Tarte en or",d,18,3.0,378.6,20.0,12.0,43.0,1.7,1.5,5.9,0.89,0.89
5059319030517,kelloggs corn flakes,Kellogg's,d,11,3.0,378.0,0.9,0.2,84.0,8.0,3.0,7.0,1.1,0.0
3228021170060,CHAUSSEE AUX MOINES 340g,"Lactalis, chaussée aux moines",d,13,3.0,305.0,25.0,18.0,0.0,0.0,,20.0,1.6,0.0
3259421340012,Madeleines extra moelleuses nature x 24 sachets individuels Ker Cadélac,Ker Cadélac,d,18,4.0,468.0,27.0,2.3,51.0,26.0,0.0,5.3,1.0,0.0
8402001016400,,"Hacendado, MERCADONA",d,15,,597.0,49.0,30.0,20.0,14.0,14.0,12.0,0.03,0.0
5053827101424,Smacks,"Kellogg's, Smacks",d,11,4.0,377.0,1.6,0.3,81.0,34.0,5.0,7.1,0.02,0.0
8410376010701,Zero sin azúcares María,gullón,d,11,4.0,408.0,11.0,1.3,75.0,0.5,0.0,7.0,1.016,0.0
6111021012201,Confiture de Fraise,Extra,d,16,4.0,255.0,0.0,0.0,63.0,62.0,1.0,0.0,0.0,
6111242109391,Crème cuisson,Jaouda,d,13,1.0,216.0,18.0,12.5,4.5,0.0,,9.0,0.0,0.0
3155250001523,Crème légère fouettée 20% Mat Gr,Bridélice,d,17,4.0,240.0,20.0,15.0,12.0,12.0,0.0,2.5,0.08,0.0
3229820181738,Biscuits Farine de Blé et Graines de Sésame,Bjorg,d,13,3.0,491.0,21.0,2.4,64.0,20.0,5.4,8.8,0.69,0.0
3523237756009,La bûche légère -30% M.G,Soignon,d,11,3.0,205.0,12.0,8.5,1.2,1.2,,23.0,1.7,0.0
8410199790958,Pelotazos,"Cheetos, PEPSICO FOODS A.I.E.",d,17,4.0,450.0,27.8,4.0,61.4,6.5,1.4,5.4,1.6,1.6
3245413808196,Pesto verde,Carrefour Classic,d,17,4.0,447.0,46.0,6.6,3.2,1.8,4.2,2.6,1.7,33.72
8710912074922,Queso Edam Bola Tierno,KROON,d,18,,324.0,24.0,17.0,0.0,0.0,0.0,26.0,2.41,0.0
3329770075313,Yop fraise,Yoplait,d,8,4.0,65.0,0.8,0.5,10.6,10.5,,3.0,0.12,0.0
8000500435472,Mandel & Sultanine mit Erdnüssen & Aprikosen,Eat Natural,d,12,3.0,447.0,21.0,2.6,50.7,30.4,5.6,11.2,0.031,72.12
5060088705148,Berry Delight Bars,NAKD,d,12,4.0,380.0,12.0,2.2,57.0,48.0,8.7,6.7,0.02,
3272770099387,Fromage à tartiner Ail & Fines Herbes,"Savencia, Tartare",d,17,3.0,348.0,34.5,24.5,2.3,2.3,,7.0,1.1,5.2
6111028000997,Kiri carré 12p,Kiri,d,16,,230.0,20.0,13.0,3.5,2.0,0.0,9.0,1.6,0.0
3330720251015,Fraise,Lucien Georgelin,d,12,4.0,180.0,0.5,0.1,44.0,43.0,,0.5,0.05,66.25
5900617003454,Peanut Butter Crunchy,Délices Terra,d,17,4.0,593.75,156.25,27.5,43.75,6.188,21.5625,75.0,2.2421875,82.06
3456700013005,Truite des Pyrénées fumée,Pêcheries Basques,d,16,3.0,159.0,7.8,1.5,0.1,0.4,,22.2,3.0,0.0
5053827111027,Céréales Frosties,Kellogg's,d,18,4.0,375.0,0.6,0.1,87.0,37.0,2.0,4.5,0.83,0.0
3392780002891,"Truite fumée, Aquitaine",Ovive,d,16,3.0,,,,,,,,,
3587220002306,Brioch'Burger,Fournée dorée,d,12,4.0,307.2,6.08,1.44,52.8,14.08,,9.12,1.276,2.47
6111021013109,Confiture d'Abricots Extra,Aïcha,d,18,1.0,251.0,0.0,0.0,63.0,62.0,1.0,0.0,0.0,0.0
06163772,Cake fourré saveur fraise,"Gerblé, Allergo, Look",d,14,4.0,421.0,19.0,2.4,58.0,31.0,3.8,4.0,0.15,5.22166666666667
8410076600837,Crunchy Oats & Honey,Nature Valley,d,14,4.0,466.6666666667,18.1,2.2,64.3,26.8,6.4,8.7,0.85,0.0
3560071407711,Croustillant tout chocolat,"Carrefour BIO, Carrefour",d,11,3.0,447.0,16.0,6.1,62.0,20.0,8.4,9.4,0.02,0.0
5059319023342,Frosties,Kellogg's,d,18,3.0,375.0,0.6,0.1,87.0,37.0,2.0,4.5,0.83,0.0
3280640653010,Saint Agur Crème,"Saint Agur, Savencia",d,15,4.0,286.0,25.0,18.0,2.3,0.8,,13.0,1.5,0.0
3770018078151,Bacon Vegetal Fumé,LA VIE,d,12,4.0,258.0,15.0,1.1,4.3,1.2,3.2,15.0,2.2,0.0
3046920029759,Excellence Noir Prodigieux 90% Cacao,"Lindt, Lindt & Sprüngli",e,19,3.0,592.0,55.0,30.0,14.0,7.0,0.0,10.0,0.03,0.0
5449000054227,Coca-Cola Original Taste,"COCA-COLA SERVICES SA/NV, Coca-Cola",e,12,4.0,42.0,0.0,0.0,10.6,10.6,0.0,0.0,0.0,0.0
3046920022651,Noir Intense,"Lindt, LINDT SPRUNGLI SAS",e,20,3.0,566.0,41.0,24.0,35.0,30.0,12.2,9.5,0.02,0.0
3017620422003,Nutella,"Nutella, Ferrero",e,31,4.0,539.0,30.9,10.6,57.5,56.3,0.0,6.3,0.107,13.0
3046920022606,Excellence 85% cacao,"Lindt, LINDT SPRUNGLI SAS",e,21,3.0,584.0,46.0,27.0,22.0,15.0,0.0,12.5,0.02,0.0
8052575090254,Rigoni di Asiago - Nocciolata bio,Rigoni di Asiago,e,24,4.0,544.0,32.0,5.7,54.0,51.0,3.6,8.1,0.12,18.5
3017620425035,Nutella,"Nutella, FERRERO FRANCE COMMERCIALE",e,31,4.0,539.0,30.9,10.6,57.5,56.3,,6.3,0.107,13.0
6111031005064,Tonik,tonik,e,28,4.0,504.0,22.0,11.0,72.0,40.0,0.4,4.3,0.22,0.0
8052575090230,Nocciolata,Rigoni Di Asiago,e,24,4.0,544.0,32.0,5.7,54.0,51.0,3.6,8.1,0.12,18.5
8076809513753,PESTO alla GENOVESE,Barilla,e,27,4.0,492.0,47.0,5.3,11.0,5.0,3.0,4.7,3.2,50.45
3608580065340,Pâte à tartiner noisettes et cacao,Bonne Maman,e,24,4.0,551.0,34.0,5.2,53.0,51.0,3.3,6.7,0.1,29.03
6111032006619,Jamila رايبي,Danone,e,12,4.0,72.0,1.7,1.1,12.4,9.0,0.0,1.9,0.0,0.0
8076809523547,PESTO ROSSO,Barilla,e,21,4.0,329.0,29.0,3.4,12.0,7.8,2.3,3.8,2.8,
3017620429484,Nutella,"Nutella, Ferrero",e,30,4.0,539.0,30.9,10.6,57.5,56.3,3.4,6.3,0.107,13.0
3362600011044,Henry’s,Henry's,e,21,4.0,440.0,10.8235,5.2941,76.4706,24.2353,2.3529,7.6471,0.882353,0.0
8000500426494,Nutella Plant-Based,"Ferrero, Nutella",e,27,4.0,534.0,31.8,11.0,53.4,45.4,,6.8,0.07,26.5
5410041001204,Tuc Original,Mondelēz,e,23,4.0,482.0,19.0,9.0,67.0,7.1,2.4,8.3,1.7,0.0
8720182556738,Maille Moutarde Fine de Dijon L'Originale Bocal 360g,Maille,e,20,3.0,144.0,10.0,0.7,2.6,2.0,3.8,7.6,4.9,0.0
5449000000996,Coca-Cola,"COCA-COLA SERVICES SA/NV, Coca-Cola",e,12,4.0,42.0,0.0,0.0,10.6,10.6,,0.0,0.0,0.0
6111029000118,Cosumar Sucre En Lingot Pour Le Thé 1 kg,COSUMAR,e,20,,400.0,0.0,0.0,100.0,100.0,0.0,0.0,0.0,0.0
80176800,Nutella,Nutella,e,36,4.0,533.33,30.67,10.67,57.33,56.0,0.0,6.0,1.07,13.0
8000500310427,Biscuits NUTELLA Biscuits Noisettes et Cacao x22 - 304g,"Ferrero, Ferrero Technical Services Srl, Nutella biscuits",e,28,4.0,515.0,24.8,11.5,64.0,35.8,,7.9,0.559,13.0
5449000000439,Coca Cola Original taste,Coca-Cola,e,13,4.0,45.0,0.0,0.0,11.2,11.2,0.0,0.0,0.0,0.0
6111031005439,Merendina Classique,Bimo,e,28,4.0,410.0,20.0,12.0,55.0,39.0,1.66666666666667,4.0,0.51,0.0
3046920029780,Excellence Noir Subtil Doux 70% Cacao,Lindt & Sprüngli,e,25,3.0,610.0,48.0,29.0,33.0,29.0,,6.9,0.01,0.0
3362600011228,Sable coco Henry s 42g,Henry's,e,22,4.0,442.857142857143,12.3809523809524,7.14285714285714,73.8095238095238,23.8095238095238,2.38095238095238,7.61904761904762,0.898809523809524,5.0
5449000036872,Hawai Tropical,"Coca cola, Hawai",e,10,,41.0,0.0,0.0,10.0,9.5,4.0,0.0,0.026,0.0
3046920028363,Excellence 85% Cacao Rich Dark,Lindt,e,19,3.0,584.0,46.0,27.0,22.0,15.0,5.0,12.5,0.01,0.0
20022464,Extra Dark 74% Cocoa,,e,19,4.0,571.0,42.0,26.0,32.0,26.0,12.6,9.9,0.02,0.0
7613035040823,Nestlé dessert Noir,"Nestlé, NESTLE DESSERT, Tablettes",e,25,4.0,548.0,34.0,20.2,50.7,46.4,7.3,6.0,0.01,0.0
3046920010047,LINDT EXCELLENCE Smooth Dark 78%,LINDT EXCELLENCE,e,21,,576.0,46.0,29.0,24.0,17.0,0.0,10.0,0.05,0.0
6111242105331,Beurre Frais Pasteurisé,Jaouda,e,20,,746.0,82.0,56.0,1.0,1.0,,0.1,0.0,0.0
16256866,1848 Chocolat en poudre,Poulain,e,16,4.0,,,,,,,,,
16256163,Poulain,Poulain,e,25,4.0,522.0,28.0,5.1,60.0,59.0,3.5,5.4,0.1,18.75
5000168198491,Sablés Anglais L'Original,"McVitie's, United Biscuits",e,25,4.0,483.0,21.3,10.1,63.6,15.1,3.7,7.0,1.3,0.0
7622210601988,Granola L'Original,LU,e,28,4.0,488.0,23.0,12.0,62.0,28.0,3.5,5.9,1.2,0.0
6111259343108,KING COOKIES,Excelo,e,26,,483.0,24.0,12.0,61.5,32.0,,5.2,0.27,0.0
6111242100930,رايبي جودة,Jaouda,e,10,4.0,75.3,1.38,0.8,13.5,9.0,0.0,2.4,0.0,0.0
59032823,nutella,"Nutella, Ferrero, Nutellagg",e,30,4.0,539.0,30.9,10.6,57.5,56.3,3.5,6.3,0.107,13.0
3451790988677,Le Beurre Tendre,Elle&Vire,e,20,2.0,375.0,82.0,57.0,0.8,0.8,0.0,0.7,0.05,0.0
3046920028004,Excellence 70% Cocoa Intense Dark,Lindt,e,21,3.0,566.0,41.0,24.0,35.0,30.0,12.2,9.5,0.21,0.0
6111184001197,,Star,e,32,,563.7,62.1,7.0,0.0,0.0,,1.2,5.0,0.0
3088543506255,Sirop d'Agave,"Famille Michaud, Sunny Via",e,19,,320.0,0.5,0.1,80.0,79.0,0.5,0.5,0.01,0.0
7622201133337,Figolu,"LU, Mondelez",e,21,4.0,399.0,8.12,3.7,73.0,49.0,3.3,4.69,0.39,0.0
3229820181950,Fourrés Chocolat au Lait,Bjorg,e,22,4.0,460.0,20.0,7.2,67.0,30.0,3.8,7.5,0.52,0.0
3362600011006,Henry's Petit Surfin,Henry's,e,21,4.0,440.0,10.8235294117647,5.29411764705882,76.4705882352941,24.2352941176471,2.35294117647059,7.64705882352941,0.882352941176471,0.0
6111180000392,سكر الفانيلين,Idéal,e,19,2.0,392.0,0.0,0.0,97.6,89.4,0.6,0.0,0.0,0.0
20095291,Cioccolato fondente,"Jd Gross, chocolat noir",e,19,4.0,545.0,40.0,24.8,31.9,27.2,11.7,8.4,0.01,0.0
3061990143365,Goût chocolat,"BN, United Biscuits",e,22,4.0,463.0,17.0,8.6,69.0,30.0,3.9,6.5,0.47,0.0
6111259341197,Momo black,Excelo,e,23,4.0,497.0,21.0,9.9,70.0,27.0,,7.0,0.32,0.0
3045140105502,Chocolat au lait,"Milka, MONDELEZ EUROPE SERVICES GMBH",e,32,4.0,539.0,31.0,19.0,57.0,55.0,2.3,6.5,0.28,0.0
3330720237361,Pâte à tartiner aux noisettes francaises et cacao,Lucien Georgelin,e,23,4.0,552.0,33.0,3.0,56.0,55.0,0.0,8.6,0.13,36.79
40896243,Buo Cioccolato Fondente 70%,,e,20,4.0,572.0,41.6,25.0,35.3,28.0,11.1,8.5,0.0,0.0
6111184007618,Sauce algérienne,Star,e,23,4.0,324.9,28.88,7.8,14.69,7.17,,1.57,2.2,42.39
8052575090292,Nocciolata - Pâte à tartiner au cacao et noisettes,Rigoni di Asiago,e,24,4.0,545.0,33.0,5.5,55.0,53.0,4.8,5.4,0.0,19.5
7622210476296,Thé - Biscuits,"Lu, Mondelez International",e,20,4.0,453.0,14.0,6.7,73.0,26.0,3.4,7.5,0.7,0.0
80052760,Kinder bueno,Kinder,e,30,4.0,572.0,37.3,17.3,49.5,41.2,1.86046511627907,8.6,0.272,10.8
7622210995087,chocolat noir noisettes entieres,cote d\'or,e,23,4.0,570.0,39.0,16.0,43.0,40.0,7.8,7.3,0.01,24.0
8000500179864,Nutella,"Nutella, Ferrero",e,31,4.0,539.0,30.9,10.6,57.2,56.3,3.0,6.3,0.11,13.0
3046920027885,Excellence Noir à la Pointe de Fleur de Sel,Lindt EXCELLENCE,e,30,4.0,561.902485659655,32.0,19.0,52.0,47.0,,5.7,0.37,0.0
8715035110106,Sojasaus,Kikkoman,e,20,3.0,77.0,0.0,0.0,3.2,0.6,0.0,10.0,16.9,14.87
8720182460721,Amora Moutarde Forte Verre 430g,Amora,e,20,3.0,145.0,10.0,0.7,2.7,2.0,3.8,7.7,4.9,0.0
3038354199603,Panzani sauce pesto basilic 200g,Panzani,e,21,4.0,329.0,31.0,4.5,7.9,3.5,1.8,3.8,2.8,41.25
8052575090346,Nocciolata la bianca,Rigoni di Asiago,e,22,4.0,545.0,33.0,4.6,46.0,43.0,2.8,14.5,0.19,30.0
3478820023184,Pâte à tartiner Chocolat Noisette,Jardin Bio étic,e,25,4.0,557.0,34.0,5.6,55.0,52.0,3.3,6.2,0.06,10.0
3664346306027,1848,Poulain,e,11,4.0,,,,,,,,,
7622201809638,Napolitain l'Original,"LU, Mondelez, Mondelez International",e,23,4.0,,,,,,,,,
7622400006753,Noir 70% Intense,cote d or,e,27,4.0,600.0,46.5,58.0,32.0,56.0,22.0,7.0,0.1,0.0
3178530402728,La Madeleine Pur beurre,Bonne Maman,e,27,4.0,435.0,25.0,16.0,47.3,29.0,1.3,5.9,0.86,2.24
54491472,Cola 500 Ml,Coca-Cola,e,12,4.0,44.0,0.0,0.0,10.9,10.9,0.0,0.0,0.0,0.0
6111184000657,Star Mayonnaise,Star,e,24,,592.0,65.21,9.8,0.22,0.05,,1.12,1.75,0.0
6111259343344,King cookies choco,Excelo,e,25,4.0,475.0,24.0,12.0,60.4,31.2,,5.4,0.27,0.0
3608580065371,Pâte à tartiner noisettes et cacao,Bonne Maman,e,24,4.0,551.0,34.0,5.2,53.0,51.0,3.3,6.7,0.1,29.03
3046920021043,Noir intense dessert 70%,Lindt,e,19,4.0,567.0,38.0,22.0,35.0,30.0,12.0,9.6,0.03,0.0
6111259347861,Pauz,pauz,e,31,4.0,599.0,43.5,32.11,47.5,43.0,2.4,5.6,0.45,0.0
7622210476104,Véritable Petit Beurre,LU,e,24,4.0,440.0,12.0,7.8,73.0,23.0,3.0,8.0,1.4,0.0
8886303210238,Lait de coco,Kara,e,15,4.0,182.0,18.0,17.0,2.9,2.2,0.5,2.0,0.03,64.0
3017760000062,Véritable Petit Beurre Pocket,lu,e,24,4.0,440.0,12.0,7.8,76.0,23.0,3.0,8.0,1.3775,0.0
3664346305990,Grand Arôme 32% de Cacao,Poulain,e,10,4.0,,,,,,,,,
6111242102019,flan caram jao dan,Jaouda,e,23,,3.0,7.0,3.0,18.0,7.0,3.0,2.0,4.0,0.0
6132500711040,El Mordjene Crème De Noisettes Grillées,Cebon,e,30,4.0,550.0,32.8,9.88,54.4,52.2,2.41,8.0,0.164,10.7142857142857
6111260230619,Tranches Au Goût Cheddar,Ideal,e,24,,281.0,8.0,10.0,21.0,0.0,,8.0,3.25,0.0
6111246953679,,Jibal,e,14,,105.0,3.8,2.5,,10.0,,6.5,0.25,0.0
8076809545396,Pesto Basilico con Rucula,Barilla,e,24,4.0,444.0,44.0,5.0,6.7,4.9,1.8,4.5,3.0,
3046920029681,Excellence Noir Délicat Doux 85% Cacao,LINDT EXCELLENCE,e,20,4.0,603.0,55.0,33.0,19.0,14.0,0.0,8.9,0.03,15.56
6111031005651,Golden,Bimo,e,20,4.0,461.0,14.5,6.7,76.0,27.0,0.2,6.3,0.43,0.0
3017760756198,Cookies Granola LU,LU,e,29,4.0,503.0,26.0,14.0,60.0,36.0,3.3,5.7,1.0,0.0
4014400400007,Toffifee 15er,"Storck, Toffifee",e,26,4.0,521.0,29.0,12.7,58.9,48.8,16.0,6.0,0.27,16.36
3124480186560,33CL CAN SLIM TROPICAL,Oasis,e,13,4.0,86.0,0.0,0.0,6.1,6.0,,0.1,0.03,10.75
3664346312936,Pâte à tartiner aux noisettes et au cacao,Poulain,e,20,4.0,,,,,,,,,
3017620421006,Pâte à tartiner Nutella noisettes et cacao - 750g,"Nutella, Ferrero",e,31,4.0,539.0,30.9,10.6,57.5,56.3,,6.3,0.107,13.0
6111184001203,Moutarde de Dijon,Star,e,21,4.0,158.7,11.19,0.71,7.07,1.94,,7.44,6.54,0.0
7622210995063,180G LT NOISETTE COTE D OR,Côte d'Or,e,26,4.0,555.0,36.0,14.0,45.0,43.0,5.1,9.3,0.18,24.0
7622300689124,Granola L'original Gros éclats de chocolat,"Granola, LU, Mondelez",e,30,4.0,505.0,26.0,14.0,61.0,36.0,2.9,4.5,1.0,0.0
3088542506508,Sirop d'Agave BIO,Sunny Via,e,19,1.0,320.0,0.5,0.0,80.0,79.0,0.01,0.01,0.01,0.0
7622210421968,Véritable Petit Écolier Chocolat au Lait,Mondelez International,e,30,4.0,498.0,23.0,14.0,65.0,39.0,2.8,6.2,0.64,0.0
6111031005033,Tagger,Bimo,e,29,4.0,535.0,29.0,18.0,64.0,47.0,1.5,3.3,0.18,0.0
8000500082379,Nutella,"Nutella, Ferrero Technical Services Srl",e,31,4.0,539.0,30.9,10.6,57.5,56.3,3.0,6.3,0.11,13.0
6111252860077,Trios,Aperitivos company,e,40,4.0,534.0,32.1,32.1,54.0,54.0,,5.2,2.0,0.0
3270190127765,Chocolate negro,"Carrefour BIO, CARREFOUR FRANCE",e,19,4.0,576.0,42.0,26.0,32.0,27.0,12.0,9.6,0.03,
7622210476241,Petit brun extra,"Brun, Mondelez",e,20,4.0,441.0,12.0,5.9,74.0,25.0,2.9,7.2,0.8,0.0
7622210204424,Príncipe crema de chocolate,"LU, Mondelez Schweiz GmbH",e,20,4.0,468.0,17.0,5.6,71.0,32.0,3.1,6.2,0.49,6.01
6111028001246,vach,,e,27,,253.012048192771,20.4819277108434,13.855421686747,3.01204819277108,3.01204819277108,,14.4578313253012,5.72289156626506,0.0
3229820791081,Gaufres Miel,Bjorg,e,21,4.0,464.0,17.0,3.8,72.0,36.0,2.6,4.4,0.8,0.8
5410041010800,Petit écolier chocolat noir pur beurre de cacao,"LU, MONDELEZ BELGIUM SERVICES BVBA",e,26,4.0,502.0,25.0,15.0,62.0,36.0,4.5,5.6,0.56,0.0
42105220,Coca Cola,Coca-Cola,e,12,4.0,42.0,0.0,0.0,10.6,10.6,,0.0,0.0,0.0
90382383,Cappy pulpy,Coca-Cola Company,e,12,4.0,37.0,0.0,0.0,9.0,7.0,,0.0,0.05,11.6071428571429
5449000000286,Coca Cola,Coca-Cola,e,12,4.0,42.0,0.0,0.0,10.6,10.6,0.0,0.0,0.0,0.0
3155251205500,Beurre doux gastronomique,Président,e,20,2.0,745.0,82.0,57.0,1.0,1.0,,0.7,0.03,0.0
8410376009415,Zero sin azúcares Chip Choco,Gullón,e,19,4.0,454.0,24.0,6.0,62.0,24.0,0.0,6.0,0.59,0.0
3229820783338,Épeautre noisette,Bjorg,e,11,4.0,66.0,2.2,0.2,10.0,7.7,,1.3,0.08,0.0
3023470001015,Galettes St Michel au beurre 4X5 - 130g,saint michel,e,25,4.0,470.0,16.0,10.0,73.0,26.0,2.2,7.4,0.87,0.0
3034470003107,Benco Original,Benco,e,27,4.0,,,,,,,,,
5000112611861,PET 1.75L COCA,Coca-Cola,e,12,4.0,42.0,0.0,0.0,10.6,10.6,,0.0,0.0,0.0
7622210449313,Prince Multicéréales Goût Chocolat Au Blé Complet,Prince,e,19,4.0,461.538461538462,17.0,5.1,69.0,31.0,4.4,6.5,0.64,1.99
3023260030928,Salakis 100% Brebis,Salakis,e,20,3.0,272.0,22.8,16.2,0.8,0.8,,15.7,2.8,0.0
5900951311505,SNICKERS,Mars,e,28,4.0,489.0,23.0,7.6,60.0,51.0,,8.6,0.52,17.99
5449000267412,Coca-Cola goût original,Coca-Cola,e,12,4.0,42.0,0.0,0.0,10.6,10.6,0.0,0.0,0.0,0.0
7613035859098,NESTLÉ DESSERT 70% Absolu 170g,"Nestlé, NESTLE DESSERT, Nestlé Dessert, Tablettes",e,19,4.0,592.0,44.7,26.8,33.0,26.5,10.9,9.0,0.01,
8712100731822,Amora Spécialité à la Moutarde de Dijon aux Épices Savora 385g,"Amora, Unilever",e,22,3.0,124.0,4.9,0.3,14.0,6.7,1.1,3.7,4.7,0.36
6111259347434,Biscotti,Excelo,e,20,4.0,461.0,14.5,6.7,76.0,27.0,0.3,6.3,0.43,0.0
8410376026962,Digestive Avena Choco,gullón,e,21,4.0,478.571428571429,21.0884353741497,14.2857142857143,61.2244897959184,21.7687074829932,6.80272108843537,7.48299319727891,0.982993197278912,0.0
6111260680452,Marhaba,Marhaba,e,51,4.0,537.0,32.7,32.7,55.3,55.3,,5.6,5.0,8.0
6111243860376,Ice Passion,ice,e,15,4.0,38.4,0.0,0.0,9.6,9.5,,0.0,0.02,0.0
9002515601018,Pago Ace - Orange - Carotte - Citron,pago,e,11,4.0,40.0,0.5,0.1,9.2,9.2,,0.5,0.0,30.0
3154230802280,HERTA Lardons fumés conservation sans nitrite - 2x75g,Herta,e,19,4.0,239.0,19.0,7.0,0.0,0.0,0.0,17.0,2.205,0.0
3165433724019,Cassonade pure canne,Daddy,e,20,2.0,400.0,0.0,0.0,100.0,100.0,0.0,0.0,0.0,0.0
3760091724632,Chocolat noir PEROU GRAND CRU AMAZONAS 70%,ETHIQUABLE,e,19,3.0,575.0,43.0,26.0,32.0,27.0,15.0,8.3,0.1375,0.0
3124480184344,Orangina et sa pulpe,ORANGINA,e,10,4.0,38.0,0.01,0.0,9.0,8.9,,0.1,0.1,17.24
3017620420702,Nutella pâte à tartiner aux noisettes et au cacao,"Nutella, Ferrero",e,31,4.0,539.0,30.9,10.6,57.5,56.3,,6.3,0.107,13.0
5449000015105,Sprite,Sprite,e,14,4.0,34.0,0.0,0.0,8.3,8.3,0.0,0.0,0.36,0.0
7622202028335,Mikado Chocolat au lait,"Glico, LU, Mikado, Mondelez International",e,28,4.0,477.0,19.0,11.0,67.0,34.0,2.8,7.7,0.85,0.0
3664346305860,Noir Extra,Poulain,e,26,4.0,508.0,28.0,18.0,55.0,52.0,7.2,4.9,0.01,48.0
7622210100917,Milka galette choco,Milka,e,28,4.0,505.0,24.0,12.0,65.0,35.0,2.7,5.7,0.59,0.0
3523230030793,beurre demi-sel,grand fermage,e,31,2.0,726.0,80.0,55.0,1.0,1.0,0.0,0.6,2.4,0.0
7622300336738,OREO ORIGINAL,Oreo,e,23,4.0,472.0,19.0,5.4,67.0,35.0,2.9,5.6,0.76,8.36
8052575090247,Nocciolata,Rigoni di Asiago,e,24,4.0,544.0,32.0,5.7,54.0,51.0,3.6,8.1,0.12,18.5
7622210988034,Véritable petit beurre,LU,e,24,4.0,440.0,12.0,7.8,73.0,23.0,3.0,8.0,1.4,0.0
80761761,Kinder Bueno White 39g,Kinder,e,30,4.0,571.0,35.9,16.8,53.0,43.9,,8.5,0.33,8.24
3178530407396,Petit Cookies Pépites de chocolat,Bonne Maman,e,27,4.0,510.0,26.0,17.0,63.6,35.0,3.6,7.3,0.4325,0.0
3248830000150,Pâte à tarte feuilletée - Pur beurre,Marie,e,19,3.0,362.0,21.0,14.0,36.0,2.2,2.0,6.2,1.2,
5000168198514,Sablés chocolat,McVitie's,e,28,4.0,496.0,23.6,12.4,62.5,28.5,3.0,6.7,0.94,0.0
8000500273296,Ferrero,Ferrero,e,26,4.0,603.0,42.7,14.1,44.4,39.9,,8.2,0.15,28.5
6111252422428,saveur fruit rouge ice tea,Lipton Ice tea,e,10,4.0,25.0,0.0,0.0,,6.0,,0.0,0.0675,0.3
3046920022705,Excellence Noir Orange Intense,Lindt,e,29,4.0,535.0,32.0,17.0,51.0,46.0,,7.0,0.08,14.8
8434165466333,Krit krititas galletas saladas,"Cuétara, Krit",e,26,4.0,505.0,26.0,12.0,60.0,8.7,2.5,6.5,1.7,0.0
6111252422411,Lipton Ice Tea Saveur Pêche,Lipton,e,10,4.0,25.0,0.0,0.0,6.0,6.0,,0.0,0.07,0.0
3155251205524,Beurre tendre doux,Président,e,20,,745.0,82.0,57.0,1.0,1.0,0.0,0.7,0.03,0.0
3760020500658,Pâte à tartiner chocolat Noisette,"Jardin Bio étic, Léa Nature",e,25,4.0,557.0,34.0,5.6,55.0,52.0,3.3,6.2,0.06,10.0
3322680010290,crêpes de Landerneau,Le STER,e,27,3.0,407.0,16.0,9.1,57.0,24.0,1.3,8.2,1.5,0.0
6191585701858,كريميو,Cremio,e,30,4.0,248.0,20.0,17.0,9.5,0.0,,8.0,4.25,0.0
3174660084513,Cassonade,"Béghin Say, La Perruche, Tereos",e,20,2.0,400.0,0.0,0.0,100.0,100.0,0.0,0.0,0.0,0.0
5053827199568,Müsli-Tresor-Choco Nut,KELLOGG'S TRÉSOR,e,19,4.0,456.0,16.0,4.5,69.0,26.0,3.6,7.1,0.94,1.59
5410041005707,Pim's Sinaasappel,LU,e,24,4.0,397.0,13.0,5.8,66.0,48.0,2.5,3.3,0.44,8.46
3560071507480,Pâte à tartiner,"Carrefour BIO, Carrefour",e,24,4.0,522.0,28.0,4.2,60.0,58.0,3.7,6.7,0.11,13.0
7613035040793,NESTLÉ DESSERT Noir 2x205g,"Nestlé, NESTLE DESSERT, Tablettes",e,25,4.0,551.0,34.6,20.4,50.6,46.4,7.2,5.9,0.01,0.0
7613035898646,NESTLÉ DESSERT Corsé 200g,"Nestlé, NESTLE DESSERT, Nestlé Dessert, Tablettes",e,21,4.0,554.0,37.3,22.4,40.6,34.5,10.6,8.3,0.02,
5410126806069,LOTUS BISCOFF Original - 250g (2x125g),Lotus,e,28,3.0,484.0,19.0,8.0,72.6,38.1,1.3,4.9,0.92,3.27
3178530405736,"Bonne Maman - Quatre Quarts, 500g (17.6oz)",Bonne Maman,e,27,4.0,429.0,24.0,15.0,47.0,28.0,1.0,5.9,0.88,0.0
6111032002970,عصري بناشي,Danone,e,12,4.0,65.0,1.07,0.89,13.1,8.0,,0.7,0.0,0.0
3451790988813,le beurre tendre,Elle et Vire,e,29,2.0,725.0,80.0,56.0,0.7,0.7,0.0,0.6,2.0,0.0
6923818881323,Petits fours financiers,,e,24,3.0,452.0,22.9,11.9,52.0,31.6,,8.1,0.13,0.0
8886303210207,Natural Coconut Cream,Kara,e,17,4.0,246.0,24.5,23.4,4.4,3.0,0.2,2.7,0.0425,0.0
3254550006013,Crème sous pression à la vanille 250g,Isigny Sainte-Mère,e,19,4.0,313.0,29.0,21.0,11.0,11.0,,2.1,0.07,0.0
8715035110304,Sauce Soja,"Kikkoman, Kikkoman Foods Europe B.V.",e,20,3.0,77.0,0.0,0.0,3.2,0.6,0.0,10.0,16.9,14.87
4056489361855,Miel crémeux français & responsable,Maribel,e,19,2.0,,,,,,,,,0.0
7622202023958,Monaco Emmental,"Belin, Mondelez International",e,27,4.0,553.0,36.0,18.0,45.0,5.6,2.4,12.0,2.1,1.03
3664346306003,Grand Arôme 32% de Cacao,Poulain,e,10,4.0,,,,,,,,,
6111250472241,Bol Bol Ketchup,Bol&Bol,e,25,4.0,122.0,0.1,0.0,28.0,25.0,0.0,1.0,3.5,12.5
3229820783673,Fourrés chocolat lait noisettes,Bjorg,e,22,4.0,512.906309751433,25.2,7.6,64.0,28.0,4.0,8.0,0.56,5.0
8720182557315,Maille Moutarde Fins Gourmets Bocal 320g,"MAILLE, Maille",e,25,4.0,354.0,35.0,2.5,3.3,1.7,2.9,5.0,4.0,28.73
3124480185266,Orange citron,Pulco,e,20,4.0,,,,,,,,,
7622210724519,Chocolat noir Bio 70%,"Côte d'Or, Mondelez International",e,20,3.0,580.0,42.0,25.0,36.0,29.0,10.0,9.1,0.08,0.0
3046920010283,Excellence Lait Extra Fondant,Lindt,e,32,4.0,569.0,37.0,23.0,51.0,50.0,,6.4,0.28,0.0
7622210578464,Organic 70% Dark Chocolate Bar,Green & Black's,e,20,3.0,580.0,42.0,25.0,36.0,29.0,10.0,9.1,0.01,0.0
3017760030106,Palmito L'original,LU,e,28,4.0,486.363636363636,30.0,15.0,59.0,21.0,2.4,6.1,1.4,4.1
5410126716016,Biscoff,"Lotus, LOTUS BAKERIES BELGIE NV",e,24,3.0,483.0,19.0,8.0,73.0,38.0,1.0,5.0,0.0725,0.0
8720182557452,Moutarde à l’ancienne,"Maille, Unilever",e,22,4.0,172.0,10.0,0.4,9.3,5.9,3.5,6.9,5.0,0.0
20022471,Čokoláda na vaření,Fin Carré,e,24,4.0,526.2,35.0,22.0,48.0,45.6,7.7,4.8,0.01,0.0
6111259347021,,,e,28,4.0,522.0,26.0,15.0,66.0,37.0,3.65,5.8,0.75,0.0
3023470020016,Roudor,St Michel,e,28,3.0,515.0,26.0,17.0,63.0,26.0,2.0,6.2,1.1,0.0
7614500010013,Milk Chocolate Almond Nougat,Toblerone,e,31,4.0,529.0,28.0,17.0,61.0,60.0,2.4,5.6,0.12,1.6
5449000036957,Poms 2,,e,11,4.0,27.6,0.0,0.0,6.9,6.3,,0.0,0.0403,3.15
3154230802259,HERTA Lardons nature conservation sans nitrite - 2x75g,Herta,e,19,4.0,239.0,19.0,7.0,0.0,0.0,0.0,17.0,2.24,0.0
5410221305085,Scheweppes agrume,SCHWEPPES,e,18,4.0,130.0,0.0,0.0,31.0,5.7,,0.0,0.01,5.7
6111184004716,Star moutarde,Star moutarde de Dijon,e,21,4.0,158.7,11.19,0.71,4.95,1.94,,7.44,6.54,0.0
6111249960964,Capri choco,Excelo,e,26,4.0,504.0,22.0,10.8,71.0,33.0,,4.4,0.3,2.50244140625
6111031005095,Tango,Bimo,e,26,4.0,508.0,24.0,12.0,67.0,28.0,0.7,5.2,0.45,0.0
4008400260921,Kinder Country,Kinder,e,31,4.0,561.0,33.8,21.9,54.9,49.1,2.0,8.6,0.275,0.0
3392460511200,"LU - Grany Chocolate 5 Cereals Bar x6, 125g (4.5oz)",LU,e,19,4.0,444.0,19.0,7.6,65.0,24.0,4.4,5.4,0.68,1.94
3760091726650,Haïti Grand cru Cap haïtien 72% cacaoté et fruité,Éthiquable,e,19,3.0,580.0,42.0,25.0,35.0,27.0,9.7,9.5,0.0,0.0
6111032002963,asiri fraise,Danon,e,12,,65.0,1.07,0.89,13.1,8.0,,0.7,0.0,0.0
3229820791074,Biscuits fourrés aux framboises,Bjorg,e,19,4.0,432.0,15.0,3.0,67.0,38.0,3.3,5.5,0.48,0.8
3155250349793,La crème des chefs ferme et onctueuse gastronomique,President,e,19,4.0,305.0,28.0,20.0,11.0,11.0,,2.2,0.07,0.0
3159470005071,Céréales Extra Pépites Chocolat Noisettes,Kellogg's,e,22,4.0,497.0,25.0,12.0,57.0,21.0,5.8,8.0,0.68,3.0
7622210450029,Prince -  Goût Lait -  Choco Au Blé Compet,LU,e,21,4.0,477.0,19.0,6.1,70.0,34.0,3.2,6.0,0.52,7.24
8076809513746,Pesto alla Genovese,Barilla,e,26,4.0,492.0,46.0,7.1,9.8,5.5,5.0,4.7,3.2,72.82
7610036002737,"Chocolat Noir 72%, Collection Pure",Villars,e,19,,540.0,43.0,26.0,22.0,28.0,11.0,6.8,0.02,0.0
5061013962506,predator,Predator Energy,e,14,4.0,14.2,0.0,0.0,13.5,13.5,0.0,0.0,0.103,0.0
3187670002347,Pancakes sans conservateurs Farine de blé issue de Moulins Français,Brioche Pasquier,e,20,4.0,355.0,16.0,1.7,46.0,28.0,1.7,5.7,1.45,8.82
3061990141101,Mini BN Chocolat,BN MINI,e,25,4.0,492.0,21.7,10.7,66.3,30.6,3.4,6.2,0.42,0.0
4008400401621,Nutella,Nutella,e,30,4.0,539.0,30.9,10.6,57.5,56.3,,6.3,0.11,13.0
5740900404465,Spreadable,Lurpak,e,21,2.0,679.0,75.0,35.0,0.6,0.6,,0.5,0.885,19.04
7622210995100,noir amandes entières,cote d\'or,e,23,4.0,565.0,38.0,16.0,42.0,40.0,8.2,9.2,0.01,27.0
3250541920139,MAILLE Mayonnaise Fins Gourmets Bocal 320g,Maille,e,20,4.0,653.0,71.0,5.8,0.8,0.5,0.6,1.9,1.5,67.77
5410126116953,Biscoff Smooth,"Lotus, LOTUS BAKERIES BELGIE NV",e,26,4.0,584.0,38.1,7.6,57.0,36.8,0.8,2.9,0.54,1.3
8901719134845,Parle-G Biscuit,Parle,e,20,4.0,454.0,13.0,6.0,77.3,25.5,,6.9,0.74,0.0
5410126832051,Gaufre de Liège - Perles de sucre,Lotus,e,25,4.0,442.0,22.0,11.0,55.0,29.0,0.9,5.0,0.6,1.98
8715035130104,Sauce Soja à teneur en sel réduite,Kikkoman,e,21,3.0,89.0,0.0,0.0,6.4,3.8,,9.2,9.2,17.88
6111260232101,Viva - Fromage,Fromage,e,21,4.0,246.0,20.0,15.0,9.0,9.0,,7.0,1.8,0.0
4002359006715,Lait de coco,Suzi Wan,e,17,4.0,172.0,17.0,14.0,1.0,0.6,1.0,1.8,0.04,56.0
5410041040807,Pim's - Framboise,Lu,e,24,4.0,397.0,13.0,5.8,65.0,48.0,2.8,3.4,0.45,3.33
5449000280206,Schweppes tonic 1l,Schweppes,e,20,4.0,50.0,0.0,0.0,11.0,11.0,0.1,0.5,0.8125,0.0
5410081200551,L'original lait,"Côte d’or, Mondelez",e,31,4.0,520.0,28.0,17.0,57.0,55.0,3.7,7.4,0.23,0.0
8076809517751,Pesto alla Calabrese 190g,Barilla,e,20,4.0,337.0,32.0,4.0,8.3,6.0,1.2,3.3,2.7,46.02
8000500269169,Biscuits Fourrés KINDER Cards Lait et Cacao 2x5 - 128g,Kinder,e,30,4.0,510.0,26.3,13.5,55.9,42.9,0.0,11.5,0.445,0.0
4056489721413,Pistaziencreme,"Deluxe, Lidl",e,30,4.0,599.0,42.0,13.0,46.0,45.0,1.3,8.7,0.000575,45.0
7613038954226,NESTLE DESSERT Noir Bio 170g,"Bio+, Nestlé, Nestle dessert",e,25,4.0,566.0,37.9,21.8,46.5,43.2,6.7,6.2,0.01,
6111249961466,,Excelo,e,28,4.0,424.0,15.3,9.7,65.7,40.8,,5.7,0.62,0.0
7612100914199,Ovomaltine Céréal Energy,Ovomaltine,e,21,4.0,,,,,,,,,
6111245340487,Or Blanc,Or Blanc,e,30,4.0,226.0,18.0,12.0,6.5,5.9,0.35,9.5,4.25,0.0
6111242109544,P'tit dej,Jaouda,e,15,,97.6,3.7,2.4,13.3,8.0,1.5,2.0,0.0,0.0
20005832,Dark chocolate 50% Cocoa,fin CARRE,e,24,4.0,531.0,31.5,18.9,52.4,47.7,7.5,5.7,0.01,0.0
9002490100070,Red Bull,Red Bull,e,12,4.0,46.0,0.0,0.0,11.0,11.0,0.0,0.0,0.1,0.0
4012200032947,Röstzwiebeln,Kühne,e,21,3.0,610.0,46.0,23.0,40.0,10.0,4.0,6.0,1.08,76.0
3024720026895,Rillettes de poulet rôti,Bordeau chesnel,e,19,3.0,358.0,32.8,15.8,0.5,0.5,,15.1,1.13,2.64928571428571
13356194,SPICY CHICKEN & 'NDUJA PIZZA,Deluxe,e,25,4.0,629.0,50.3,7.0,19.0,5.4,6.7,28.4,2.9,1.37
3564707000864,Noir Dégustation 74% cacao,Bio Village,e,20,,569.0,42.0,26.0,34.0,30.0,11.0,8.5,0.01,0.0
5000159492737,M&M's peanut,Mars Wrigley,e,31,4.0,524.416135881104,25.4777070063694,10.6157112526539,59.447983014862,53.0785562632696,,9.76645435244161,0.106157112526539,23.75
3175680012937,Biscuit chocolat noir,Gerblé,e,25,4.0,494.0,23.0,11.0,62.0,34.0,4.3,7.6,0.52,
3165433864012,Profil pack pure canne bio kraft daddy 750g,"Daddy, daddy bio",e,20,2.0,400.0,0.0,0.0,100.0,100.0,0.0,0.0,0.0,0.0
4008400163826,Ferrero Rocher x 16,Ferrero,e,26,4.0,603.0,42.7,14.1,44.4,39.9,,8.2,0.15,28.5
3760091720207,Sucre complet de canne,Ethiquable,e,19,2.0,384.0,0.0,0.0,96.0,96.0,0.0,0.0,0.1,0.0
3046920022507,Excellence Noir Caramel à la pointe de sel,Lindt,e,32,4.0,520.0,29.0,17.0,56.0,52.0,,5.4,0.4,0.0
3178530405743,Gâteau marbré au chocolat,Bonne Maman,e,23,4.0,444.0,27.0,11.0,44.0,27.0,1.7,5.3,0.38,10.07
8000500037560,bueno,Kinder,e,30,4.0,,,,,,,,,
5449000008046,Coca-Cola slim 25cl,Coca-Cola,e,10,4.0,42.0,0.0,0.0,10.6,10.6,0.0,0.0,0.0208,0.0
5410126706970,LOTUS BISCOFF à tartiner - Creamy - 410g,Lotus,e,26,4.0,584.0,38.1,7.6,57.0,36.8,0.8,2.9,0.54,23.51
4008400404127,Nutella Nuss-Nugat-Creme,Nutella,e,30,4.0,538.0,30.9,10.6,57.5,56.3,,6.3,0.11,13.0
8997212610412,Organic Coconut Milk,Kara,e,14,1.0,,,,,,,,,100.0
20425555,Pesto alla Genovese,Italiamo,e,26,4.0,464.0,45.4,5.9,8.7,4.3,1.4,4.5,3.2,44.28
6111259340060,Chocup,Excelo,e,26,4.0,522.0,26.0,12.9,67.0,33.0,,5.7,0.28,0.0
6111017042403,,Aiguebelle,e,23,4.0,512.0,39.3,24.4,30.5,25.3,,9.2,0.01,0.0
6111255771196,,GoodDays,e,25,,522.0,32.9,4.3,63.2,57.3,,1.9,0.05,0.0
8000500267035,Kinder Delice paquete individual,"Ferrero, Kinder",e,28,4.0,452.0,22.8,13.5,58.3,43.0,,5.5,0.32,2.21
3330720237378,Pâte à tartiner bio noisette cacao,Lucien Georgelin,e,22,4.0,552.0,33.0,3.0,56.0,55.0,,8.6,0.13,41.5
20177218,NOIR DEGUSTATION 70% CARAMEL,J.D. Gross,e,21,4.0,543.0,36.5,22.0,41.7,35.2,9.6,7.1,0.2,0.0
3056440070896,Bastogne,"LU, Mondelez",e,29,4.0,487.0,20.0,9.7,71.0,41.0,1.4,5.3,0.79,0.0
3073781077025,Le Bloc,La vache qui rit,e,22,4.0,315.0,26.5,18.0,2.0,2.0,0.0,17.0,3.1,0.0
3228020215090,Краве масло 82%,Président,e,20,2.0,743.0,82.0,57.0,0.5,0.5,,0.7,0.03,0.0
5053827199667,Trésor Chocolat au Lait,Kellogg's,e,19,4.0,448.0,15.0,4.7,69.0,25.0,3.7,7.5,0.96,2.09
6111245341019,Le Plaisir à tartiner,Khayrat,e,20,4.0,234.0,18.0,12.0,11.0,6.5,0.0,7.0,1.8,0.0
7622210422026,Véritable Petit écolier Pocket Chocolat au Lait,LU,e,30,4.0,498.0,23.0,14.0,65.0,39.0,2.8,6.2,0.64,0.0
3250391737284,Tablette BIO dégustation Chocolat noir - 100g,Ivoria,e,20,3.0,581.0,42.0,26.0,38.0,31.0,9.3,8.1,0.01,0.0
6111243860352,ice cola strong,ice,e,23,4.0,45.1,0.0,0.0,11.3,11.2,0.0,0.0,20.0,0.0
8000500391228,Kinder Kinderini,Kinder,e,24,4.0,504.0,23.0,13.9,67.9,28.8,3.2,6.0,0.34,0.0
8902080000227,Sting Energy,Sting,e,11,4.0,28.0,0.0,0.0,7.0,6.8,,0.0,0.1325,0.0
80135876,Nutella,Ferrero,e,31,4.0,539.0,30.9,10.6,57.5,56.3,0.0,6.3,0.1075,13.0
8720182460042,Amora Moutarde Mi-Forte Bocal 415g,Amora,e,24,4.0,271.0,25.0,1.8,2.6,1.6,2.6,5.9,4.5,17.72
6111032007043,beurre central 1kg,Centrale,e,20,2.0,,,,,,,,,0.0
5050083516313,Céréales Extra Kellogg's Pépites Chocolat au lait,Kellogg's,e,24,4.0,484.0,22.0,12.0,62.0,25.0,4.9,7.0,0.68,5.95
3046920010603,Framboise Intense,Lindt,e,25,4.0,536.0,32.0,19.0,52.0,47.0,7.0,6.1,0.0875,0.0
8901063139329,bourbon,britannia,e,43,4.0,492.0,19.9,7.7,73.4,37.0,,4.7,295.0,
90162602,Red Bull Energy Drink,Red Bull,e,12,4.0,463.0,0.0,0.0,11.0,11.0,,0.0,0.1,0.0
6111243860383,ice POMME 1.5l,ice,e,15,4.0,58.0,0.0,0.0,9.9,9.8,,0.0,0.02,0.0
5410081201039,100G COTE D'OR NOIR ORIGINAL,CÔTE D'OR,e,26,4.0,528.0,30.0,18.0,56.0,53.0,7.5,5.1,0.01,0.0
6111025120605,Chocolat monogram,Macao,e,27,4.0,528.0,30.0,18.0,56.0,53.0,7.3,5.0,0.0,
7622202023989,monaco emmenthal,BELIN,e,27,4.0,553.0,36.0,18.0,45.0,5.6,2.4,12.0,2.1,1.03
3124480200433,Orangina 1.5L,Orangina,e,11,4.0,39.0,0.1,0.0,9.2,9.1,0.0,0.1,0.01,19.16
3560070439881,Galleta de mantequilla,Carrefour,e,23,4.0,441.0,12.0,7.8,73.0,26.0,3.3,8.0,1.1,0.0
3270190127871,cookies bio chocolat noisette,Carrefour BIO,e,23,4.0,501.0,26.0,11.0,58.0,27.0,3.8,7.1,0.31,12.05
3229820803449,Galettes riz chocolat noir,Bjorg,e,19,3.0,489.0,24.0,14.0,58.0,23.0,6.3,7.3,0.0,0.0
9002490205973,25 cl Red Bull - Energy Drink,"Red Bull, حلال",e,12,4.0,46.0,0.0,0.0,11.0,11.0,,0.0,0.1,0.0
7622200002290,Mignonnette noir de noir,CÔTE D'OR,e,26,4.0,522.0,29.0,17.0,55.0,52.0,7.6,5.5,0.01,0.0
3412290015980,beurre doux,paysan breton,e,20,2.0,744.0,82.0,60.0,0.6,0.6,0.0,0.8,0.05,0.0
3229820021003,Le palmier,Bjorg,e,24,3.0,508.0,25.0,14.0,62.0,20.0,3.3,7.0,0.83,0.0
8052575090278,Nocciolata Pâte à tartiner Cacao  et Noisettes,RIGONI DI ASIAGO,e,24,4.0,544.0,32.0,5.7,54.0,51.0,3.6,8.1,0.12,18.5
6111031005576,original  oreo,"Oreo, Mondelez",e,27,4.0,481.0,20.0,9.0,70.0,36.0,1.5,4.8,0.74,0.0
8000500267103,Kinder délice 10x,Kinder,e,27,4.0,455.0,22.6,13.1,58.8,41.0,,5.5,0.262,1.02
3256540001794,Brioche tressée pépites de chocolat,Pasquier,e,19,4.0,373.0,16.0,7.8,49.0,16.0,,8.3,1.0,0.0
8013355999143,Gocciole classiche pav 500 gr,Pavesi,e,19,4.0,488.0,22.0,6.2,64.0,22.0,4.1,6.5,0.53,0.0
8052575090322,Nocciolata crunchy,Rigoni di Asiago,e,22,4.0,543.0,33.0,5.8,51.0,48.0,4.2,8.7,0.12,22.0
3017760038409,Lulu La Barquette Fraise,LU,e,19,4.0,353.0,2.4,0.9,78.0,59.0,1.7,3.8,0.11,27.0
3046920042932,Création Rocher Noir,Lindt,e,29,4.0,564.0,37.0,18.0,48.0,44.0,,6.6,0.08,12.98
5449000318947,Schweppes citron 45cl,Schweppes,e,14,4.0,19.2,0.0,0.0,0.0,11.0,0.0,0.0,4.082e-05,5.5
3472860001058,Le Sablé pur beurre,La Mère Poulard,e,22,4.0,501.0,21.9,14.6,70.0,19.6,0.0,6.8,0.26,0.0
6111184009520,Hot Sauce,Star,e,20,4.0,0.0,0.0,0.0,0.0,0.0,,0.0,5.0,5.79
3034450001123,Viandox 160ml,Konrad,e,20,4.0,45.0,0.5,0.1,6.8,2.5,0.5,5.4,21.0,0.625
7622300292508,Choco SUPRÊME,Milka,e,29,4.0,533.333333333333,31.0,18.0,56.0,43.0,2.8,6.7,0.28,0.0
8681480324484,Sauce De Soja Supérieure Claire,Bol Bol,e,20,4.0,69.3333333333333,0.0,0.0,11.3333333333333,0.0,0.0,6.66666666666667,16.0,0.0
6111024001226,HuilOr - RICHE EN Vitamine E Oméga 3 et 6,,e,20,,900.0,100.0,12.6,0.0,0.0,,0.0,0.0,
3451790563256,Beurre à teneur réduite en M.G. (60%) doux,"Montfleuri, Savencia",e,20,2.0,547.0,60.0,42.0,0.8,0.8,,1.0,0.05,0.0
3036810201280,,Maille,e,21,1.0,141.67,3.2,0.7,7.8,2.0,0.0,0.06,4.9,0.0
6111017046043,Tentation aiguebelle,Aiguebelle,e,19,4.0,582.0,49.6,29.8,15.0,10.5,,10.0,0.03,0.0
8906010500764,balaji wafers chataka pataka,Balaji,e,25,4.0,514.0,25.0,12.0,63.3,2.0,4.0,7.0,2.17,2.19
3560070720859,Chocolate negro,Carrefour,e,20,4.0,581.0,43.0,26.0,34.0,29.0,11.0,8.9,0.01,
6111029000415,Cosumar Sucre Granule - Granulated Sugar,,e,20,2.0,400.0,0.0,0.0,100.0,100.0,,0.0,0.0,0.0
7622202025587,Sour Cream & Onion,Tuc,e,24,4.0,483.333333333333,19.0,8.7,68.0,5.2,2.1,8.1,1.9,0.0
8000500310397,nutella biscuits,"Nutella, Ferrero, Nutella biscuits",e,28,4.0,515.0,24.8,11.5,64.0,35.8,,7.9,0.559,13.0
3032220061100,PRESIDENT BURGER CHEDDAR EMMENTAL 12 TRANCHES 200g,Président,e,19,4.0,215.0,15.0,11.0,6.0,4.5,,14.0,2.36,0.0
1200101017825,PET 1L OCEAN SPRAY CLASS,Ocean Spray,e,11,4.0,39.0,0.0,0.0,9.3,9.3,0.0,0.0,0.0,
5900951311321,Mars,Mars,e,30,4.0,443.0,16.0,7.4,70.0,62.0,,4.51,0.67,0.0
8711327373105,Cookie Dough Vanilla Ice Cream with Chunks of Chocolate Chip Cookie Dough,"Ben & Jerry's, Magnum ICC Global Services B.V.",e,19,4.0,273.0,15.0,9.2,31.0,25.0,0.3,4.1,0.17,0.0
8719200269743,BUTTERY,Flora,e,19,4.0,677.0,75.0,28.0,0.5,0.5,,0.5,1.2775,49.22
6111242926035,frut,MARRAKECH,e,11,4.0,32.0,0.0,0.0,7.9,6.9,,0.0,0.005,10.0
3178530404050,La Madeleine chocolat au lait,Bonne Maman,e,27,4.0,463.333333333333,27.0,16.0,48.0,33.0,1.3,6.1,0.66,4.1
3069942320901,Menier Pâtissier Tablette,"Nestlé, Menier",e,24,4.0,521.0,29.3,17.6,52.7,47.6,8.7,7.1,0.01,
6111029000293,enmer,كوسومار,e,20,,400.0,0.0,0.0,100.0,100.0,,0.0,0.0,0.0
8052575092739,Nocciolata L'originale,Rigoni di Asiago,e,24,4.0,544.0,32.0,5.7,54.0,51.0,3.6,8.1,0.12,18.5
6111250474641,Moutarde,,e,21,4.0,111.0,7.9,0.4,3.1,1.3,0.0,5.2,6.7,2.00714285714287
5449000025272,Haway tropical,Hawai,e,10,4.0,37.0,0.0,0.0,9.0,8.5,0.0,0.0,0.0,0.0
3560071507510,Pâte à tartiner,"Carrefour BIO, Carrefour",e,24,4.0,524.0,28.0,4.2,61.0,58.0,3.7,6.7,0.11,13.0
7622210450098,Prince goût tout Choco au blé complet,LU Prince,e,19,4.0,465.0,18.0,5.7,67.0,34.0,5.1,7.1,0.54,7.95
8076809581868,Pesto Basilico e Pistacchio,Barilla,e,19,4.0,476.0,44.0,4.2,13.0,5.0,8.1,2.9,2.9,34.91
3017760038331,La Barquette (chocolat),LU,e,22,4.0,490.0,23.0,2.9,62.0,47.0,2.6,6.5,0.34,22.7
8000500023976,Candies Raffaello,"Ferrero, Raffaello",e,27,4.0,470.0,44.0,29.5,38.6,33.6,,7.0,0.267,33.5
3760020505998,Bouillon cube volaille dégraissé,Jardin Bio étic,e,20,4.0,,,,,,,,,
3700342358933,beurre bio doux,C\'est qui le patron ?!,e,20,2.0,743.0,82.0,55.0,0.6,0.6,,0.7,0.04,0.0
20173074,Crispy Fried Onions,Kania,e,20,3.0,590.0,44.0,21.0,40.0,9.0,5.0,6.0,1.18,75.0
5449000036919,HAWAI ANANAS,Coca-Cola,e,12,4.0,48.0,0.0,0.0,12.0,7.0,,0.0,0.026,8.3
4056489843412,Pâte à tartiner,Saveurs de nos Régions,e,25,4.0,555.0,35.0,8.8,49.0,48.0,4.7,9.3,0.16,46.5
3431410001023,Crêpes dentelle - L'authentique,Gavottes,e,28,4.0,428.0,10.0,6.8,78.0,48.0,,5.5,1.0,0.0
3178530404678,biscuits a la cuillere,Bonne Maman,e,22,4.0,371.0,4.3,1.3,74.0,56.0,0.9,8.5,0.51,0.0
3700214610046,noir pérou éclats d\'amandes,Alter Eco,e,22,4.0,554.0,36.0,18.0,45.0,38.0,9.1,7.9,0.01,12.0
7622210400574,Croc sablé Goût choco,"Lu, Pépito",e,27,4.0,499.0,23.0,11.0,65.0,29.0,2.8,6.1,0.66,0.0
5410126006049,Lotus biscoff,"Biscoff, Lotus",e,28,3.0,484.0,19.0,8.0,72.6,38.1,1.3,4.9,0.92,2.64
4056489891130,Pâte à tartiner cacao noisettes bio,Choco nussa,e,24,4.0,516.0,27.5,4.0,59.0,57.6,,6.4,0.12,16.0
3608580135791,Bonne maman pate a tartiner noisettes et cacao,Bonne Maman,e,24,4.0,551.0,34.0,5.2,53.0,51.0,3.3,6.7,0.1,25.0
3178530402988,,Bonne Maman,e,25,4.0,453.0,18.0,8.7,66.0,41.0,1.7,6.0,0.3,2.58
3412290015997,Paysan Breton - Beurre moulé demi-sel,Paysan Breton,e,29,2.0,713.193116634798,80.0,57.0,0.6,0.6,,0.8,2.0,0.0
3175681851832,Barre amande,Gerblé,e,20,4.0,420.0,13.0,1.2,67.0,57.0,4.1,7.9,0.05,24.4
3700214616987,70% équateur,Alter Eco,e,20,3.0,582.0,43.0,26.0,37.0,29.0,10.0,6.7,0.01,0.0
8410376017113,Biscuits Mega Duo imp,"GALLETAS GULLON S.A., gullón",e,23,4.0,480.640535372848,20.0,8.6,67.0,31.0,4.0,5.9,0.45,0.0
6111017042427,Chocolat Tentation Noir Gourmand Amandes,Aiguebelle,e,26,4.0,543.0,38.3,18.0,40.4,36.8,,9.2,2e-06,20.0
3760121219749,Chocolat noir 70 %,Biocoop,e,20,3.0,565.0,42.0,27.0,33.0,29.0,13.0,7.9,0.1,0.0
3256220512985,Chocolat noir 70% tablette 100g,"U, U Bio",e,20,,569.0,42.0,26.0,34.0,30.0,11.0,8.5,0.01,
0011210697003,Sriracha Sauce🙂,"McIlhenny Company, TABASCO, Tabasco",e,26,4.0,121.0,0.5,0.1,27.0,19.0,0.0,2.1,6.7,8.0
6111242106673,Jutos,Jaouda,e,10,3.0,40.0,0.0,0.0,10.0,8.5,,0.0,0.02,12.49
8901058017687,maggi,Maggi,e,24,4.0,384.0,12.5,8.2,59.4,1.8,,8.2,2.5,1.48
3088540502663,Miel de Montagne,"Bernard Michaud, L'Apiculteur",e,19,2.0,,,,,,,,,0.0
3664346306126,Super Poulain,Poulain,e,12,4.0,,,,,,,,,
3664346326872,Poulain Grand Arôme intense 70% de cacao,Poulain,e,15,4.0,,,,,,,,,
3250391660995,Pâte à tartiner Bio - 350g,Ivoria,e,27,4.0,538.0,32.0,7.9,53.0,52.0,3.8,7.6,0.13,18.5
6111017046470,délice noir,Aiguebelle,e,28,,534.0,36.0,22.0,47.0,44.0,,5.2,0.011,0.0
6111252422169,Sting - Berry Blast,sting,e,11,4.0,28.0,0.0,0.0,7.0,7.0,0.0,0.0,0.0725,0.0
6111035002113,Oulmes virgin mojito,,e,13,4.0,48.0,0.0,0.0,11.5,11.5,,0.0,0.0,15.0
8000500227848,Biscuits NUTELLA B-ready Noisettes et Cacao x6 - 132g,"Nutella, Nutella b-ready",e,30,4.0,521.0,27.0,9.5,60.7,47.1,,7.2,0.559,13.0
3270190128519,Petit beurre tablette Chocolat noir,"Carrefour BIO, Carrefour",e,25,3.0,493.0,24.0,15.0,60.0,35.0,4.7,7.5,0.4,0.0
6111271590498,vamos,Yoplait,e,25,,451.0,14.6,7.2,70.6,43.2,,4.5,0.3925,
6111250477567,Peripella,Produit au maroc,e,23,4.0,535.0,32.0,3.9,55.0,53.0,3.7,5.7,0.12,13.0
20711115,cassonade,"Lidl, navarre",e,20,2.0,400.0,0.5,0.5,100.0,98.9,0.0,0.5,0.01,0.0
4014400901191,MERCI mix Finest Selection,Storck,e,30,,563.0,36.1,19.9,49.9,48.0,,7.8,0.17,0.0
6111017045404,Mejora,,e,27,4.0,514.0,28.0,6.5,62.0,61.0,,3.0,0.2,3.82
8000500435557,Barres chocolat noir amandes cranberries & noix de coco,Eat Natural,e,20,3.0,483.0,25.4,16.3,53.5,36.0,8.0,6.1,0.014,53.3
8715035110809,Soy Sauce,"Kikkoman, Kikkoman Foods Europe B.V.",e,21,3.0,77.0,0.0,0.0,3.2,0.6,0.0,10.0,16.9,14.87
6111259347502,,Excelo,e,21,4.0,385.714285714286,19.6428571428571,8.92857142857143,48.2142857142857,30.3571428571429,1.78571428571429,5.35714285714286,0.267857142857143,0.0
8901063162914,Marie Gold Biscuit,Britannia,e,19,4.0,445.0,10.6,5.1,79.5,21.2,0.0,7.9,0.79,0.0
3229820784946,Amande chocolat,Bjorg,e,11,4.0,59.0,1.9,0.4,9.2,7.2,0.7,0.8,0.08,2.2
3330720238191,Pâte à tartiner 40% noisettes du Lot-et-Garonne et cacao,Lucien Georgelin,e,24,4.0,555.0,35.0,8.8,49.0,48.0,,9.3,0.16,51.8333333333333
6111246954652,,Jibal,e,24,4.0,283.333333333333,21.6666666666667,13.3333333333333,4.0,2.66666666666667,0.0,13.3333333333333,2.25,0.0
3228020215106,Beurre gastronomique demi-sel,Président,e,29,2.0,727.0,80.0,55.0,1.0,1.0,,0.7,2.0,0.0
7622300784751,,"Milka, Mondelēz",e,19,4.0,428.0,21.0,4.1,56.0,30.0,1.4,5.5,0.57,14.66
5410081200445,L'original noir,Côte d'Or,e,26,4.0,528.0,30.0,18.0,56.0,53.0,7.5,5.1,0.01,0.0
3046920029674,Lindt Excellence A Touch of Sea Salt Dark,Lindt,e,30,4.0,529.0,32.0,20.0,50.0,48.0,,6.2,0.265,0.0
3178530411492,gaufres au sucre perlé,Bonne Maman,e,26,4.0,443.0,23.0,9.3,54.0,25.0,1.0,5.8,1.2,9.52
3061990143372,"BN - Strawberry Cookies, 285g (10oz)",BN,e,19,4.0,398.0,8.4,3.7,75.0,32.0,2.5,5.3,0.48,2.0
6111259346741,Suprême,Be Biscuit,e,25,4.0,486.0,28.0,13.3,53.5,30.7,1.8,5.9,0.21,0.0
6111126001605,fawakih mangue 900ml,Chergui,e,12,4.0,54.6,0.01,0.01,12.1,10.48,0.0,1.5,0.063,5.55
3011360002884,Secret d'arômes plein sud,Knorr,e,26,4.0,232.0,7.4,2.5,23.0,19.0,5.8,16.0,44.6,20.5
80177609,Kinder Chocolate,Kinder,e,33,4.0,566.0,35.0,22.6,53.5,53.3,0.0,8.7,0.313,0.0
3165433714010,Sucre en poudre,Daddy,e,20,2.0,400.0,0.0,0.0,100.0,100.0,0.0,0.0,0.0,0.0
6223000496022,Hohos,Hohos,e,25,4.0,424.0,16.0,8.0,65.0,41.0,1.1,4.3,0.42,0.9
3392590205406,Pâte feuilletée,croustipate,e,19,3.0,378.0,19.0,13.0,41.0,2.3,1.4,6.1,1.1,2.67857142857143
3760077538482,Pesto alla Genovese,Florelli,e,20,3.0,403.0,42.0,5.2,2.4,0.6,1.0,3.4,2.5,48.3
3178530408515,,Bonne Maman,e,20,4.0,463.768115942029,26.0869565217391,5.07246376811594,50.7246376811594,34.7826086956522,2.89855072463768,5.07246376811594,0.00072463768115942,13.5
3046920017503,Sésame Grillé,Lindt Excellence,e,29,4.0,531.0,32.0,17.0,50.0,45.0,,6.8,0.09,0.0
5410126836233,LOTUS BISCOFF Original Pocket - 186g (12x2p),Lotus,e,28,3.0,484.0,19.0,8.0,72.6,38.1,1.3,4.9,0.92,2.64
6111259341517,Top cookies,Excelo,e,24,4.0,494.0,21.0,10.2,71.0,31.0,1.2,5.8,0.1,0.0
6111179003847,Nectar Orange,Al Boustane,e,11,4.0,46.0,0.0,0.0,12.0,11.0,0.0,0.0,0.0,
3017760221597,14 Gaufrettes saveur Cacao,"Brun, Mondelez",e,27,4.0,512.0,26.0,16.0,0.062,39.0,3.1,5.6,0.29,3.26
6111266960350,fromage perly 64p,,e,28,4.0,260.0,22.0,15.0,5.0,5.0,,10.0,3.75,0.0
7612100018477,Ovomaltine crunchy,Ovo maltine,e,25,4.0,547.0,32.4,5.5,59.4,50.1,,3.7,0.2,10.9715909090909
3017760544795,La Paille d'Or aux fraises,"LU, Mondelez",e,19,4.0,363.0,1.1,0.2,82.0,51.0,1.9,4.2,0.22,27.27
6221007032724,Cerelac Blé,Nestlé,e,19,,420.0,9.0,5.0,74.0,24.6,2.0,13.4,0.75,0.0
3700214610480,Sucre Complet Muscovado,Alter Eco,e,19,2.0,394.0,0.0,0.0,98.0,95.0,0.0,0.5,0.07,0.0
20177201,Шоколад с 6% парченца малини,J. D. GROSS,e,24,4.0,552.0,39.3,23.6,36.2,29.0,,8.0,0.03,0.0
8710605030051,Sriracha Sauce Hot Chilli Sauce,Go-Tan,e,25,4.0,131.0,0.26,0.0,28.0,24.0,0.0,2.1,9.835,66.51
8410076610614,Sweet & saltynut,Nature Valley,e,20,4.0,485.0,25.7,7.2,47.8,21.9,7.1,12.1,1.04,40.28
5449000203823,Pulpy pècne,"Cappy, Coca-Cola",e,12,4.0,34.0,0.0,0.0,7.9,7.9,,0.0,0.01,5.5
3220035217007,Sucre cassonade,"Saint louis, saint louis",e,20,2.0,396.0,0.0,0.0,99.0,99.0,0.0,0.0,0.0,0.0
3017760635295,Granola l'original,Lu,e,28,4.0,491.0,23.0,12.0,62.0,28.0,3.5,5.9,1.2,0.0
3322680010801,Whaou 8 Crêpes Chocolat,Whaou!,e,24,4.0,465.625,22.0,5.5,59.0,39.0,2.5,6.6,0.65,0.0
6111032009412,Danone max red fruit,Danone,e,11,,51.9,1.0,0.85,0.0,9.3,0.0,1.4,0.0,0.0
6111242926806,FRUT MAX,MARRAKECH,e,14,4.0,38.0,0.0,0.0,9.5,7.9,,0.0,0.25,10.0
5900951313592,Twix,"Twix, MARS POLSKA SPÓŁKA Z OGRANICZONĄ ODPOWIEDZIALNOŚCIĄ",e,30,4.0,493.0,24.0,14.0,65.0,48.0,1.62,4.6,0.4,0.0
4008400402222,Nutella,Ferrero,e,31,4.0,539.0,30.9,10.6,57.5,56.3,3.0,6.3,0.11,13.0
20003548,,"Choco Nussa, Lidl",e,27,4.0,551.0,33.3,6.4,57.3,56.1,3.0,3.7,0.03,24.46
6111126000424,Raib banan sghir,CHERGUI,e,12,4.0,76.0,1.6,0.0,13.0,13.0,,2.5,0.0,0.0
3229820112046,Le Biscuit De Natty,Bjorg,e,24,4.0,499.0,24.0,14.0,61.0,34.0,4.7,7.4,0.39,0.0
